[pod/calico-node-c2jhk/upgrade-ipam] 2026-07-12 14:55:42.158 [INFO][1] ipam/ipam_plugin.go 80: migrating from host-local to calico-ipam...
[pod/calico-node-c2jhk/upgrade-ipam] 2026-07-12 14:55:42.166 [INFO][1] ipam/discovery.go 46: No explicit Calico API group configured, attempting to auto-discover
[pod/calico-node-c2jhk/upgrade-ipam] 2026-07-12 14:55:42.237 [INFO][1] ipam/discovery.go 74: Auto-discovered Calico API groups v1present=true v3present=false
[pod/calico-node-c2jhk/upgrade-ipam] 2026-07-12 14:55:42.237 [INFO][1] ipam/client.go 85: Using API group for CRD backend apiGroup="crd.projectcalico.org/v1"
[pod/calico-node-c2jhk/upgrade-ipam] 2026-07-12 14:55:42.240 [INFO][1] ipam/migrate.go 61: checking host-local IPAM data dir existence...
[pod/calico-node-c2jhk/upgrade-ipam] 2026-07-12 14:55:42.243 [INFO][1] ipam/migrate.go 63: host-local IPAM data dir not found; no migration necessary, successfully exiting...
[pod/calico-node-c2jhk/upgrade-ipam] 2026-07-12 14:55:42.243 [INFO][1] ipam/ipam_plugin.go 110: migration from host-local to calico-ipam complete node="article3-performance-worker3"
[pod/calico-node-c2jhk/install-cni] 2026-07-12 14:55:43.649 [INFO][1] cni-installer/install.go 134: Running as a Kubernetes pod
[pod/calico-node-c2jhk/install-cni] 2026-07-12 14:55:45.430 [INFO][1] cni-installer/install.go 220: Installed /host/opt/cni/bin/calico
[pod/calico-node-c2jhk/install-cni] 2026-07-12 14:55:46.528 [INFO][1] cni-installer/install.go 220: Installed /host/opt/cni/bin/calico-ipam
[pod/calico-node-c2jhk/install-cni] 2026-07-12 14:55:46.589 [INFO][1] cni-installer/install.go 220: Installed /host/opt/cni/bin/flannel
[pod/calico-node-c2jhk/install-cni] 2026-07-12 14:55:46.682 [INFO][1] cni-installer/install.go 220: Installed /host/opt/cni/bin/host-local
[pod/calico-node-c2jhk/install-cni] 2026-07-12 14:55:46.744 [INFO][1] cni-installer/install.go 220: Installed /host/opt/cni/bin/loopback
[pod/calico-node-c2jhk/install-cni] 2026-07-12 14:55:46.826 [INFO][1] cni-installer/install.go 220: Installed /host/opt/cni/bin/portmap
[pod/calico-node-c2jhk/install-cni] 2026-07-12 14:55:46.910 [INFO][1] cni-installer/install.go 220: Installed /host/opt/cni/bin/tuning
[pod/calico-node-c2jhk/install-cni] 2026-07-12 14:55:46.911 [INFO][1] cni-installer/install.go 224: Wrote Calico CNI binaries to /host/opt/cni/bin
[pod/calico-node-c2jhk/install-cni] 
[pod/calico-node-c2jhk/install-cni] 2026-07-12 14:55:46.911 [INFO][1] cni-installer/install.go 229: CNI plugin version: 
[pod/calico-node-c2jhk/install-cni] 2026-07-12 14:55:46.913 [INFO][1] cni-installer/install.go 181: /host/secondary-bin-dir is not writeable, skipping
[pod/calico-node-c2jhk/install-cni] 2026-07-12 14:55:47.027 [INFO][1] cni-installer/install.go 314: Using CNI config template from CNI_NETWORK_CONFIG environment variable.
[pod/calico-node-c2jhk/install-cni] 2026-07-12 14:55:47.029 [INFO][1] cni-installer/install.go 391: CNI config file permission is set to 0600
[pod/calico-node-c2jhk/install-cni] 
[pod/calico-node-c2jhk/install-cni] 2026-07-12 14:55:47.029 [INFO][1] cni-installer/install.go 411: Created /host/etc/cni/net.d/10-calico.conflist
[pod/calico-node-c2jhk/install-cni] 2026-07-12 14:55:47.029 [INFO][1] cni-installer/install.go 249: Done configuring CNI.  Sleep= false
[pod/calico-node-c2jhk/ebpf-bootstrap] 2026-07-12 14:55:49.076 [INFO][1] init-best-effort/startup.go 553: Early log level set to info
[pod/calico-node-c2jhk/ebpf-bootstrap] 2026-07-12 14:55:49.079 [INFO][1] init-best-effort/calico-init_linux.go 217: Checking if BPF filesystem is mounted.
[pod/calico-node-c2jhk/ebpf-bootstrap] 2026-07-12 14:55:49.079 [INFO][1] init-best-effort/calico-init_linux.go 238: BPF filesystem is not mounted. Trying to mount it...
[pod/calico-node-c2jhk/ebpf-bootstrap] 2026-07-12 14:55:49.082 [INFO][1] init-best-effort/calico-init_linux.go 243: Mounted BPF filesystem.
[pod/calico-node-c2jhk/ebpf-bootstrap] 2026-07-12 14:55:49.082 [INFO][1] init-best-effort/calico-init_linux.go 252: Checking if cgroup2 filesystem is mounted.
[pod/calico-node-c2jhk/ebpf-bootstrap] 2026-07-12 14:55:49.084 [INFO][1] init-best-effort/calico-init_linux.go 281: Cgroup2 filesystem is not mounted. Trying to mount it...
[pod/calico-node-c2jhk/ebpf-bootstrap] 2026-07-12 14:55:49.084 [INFO][1] init-best-effort/calico-init_linux.go 287: Mount point /run/calico/cgroup is ready for mounting root cgroup2 fs
[pod/calico-node-c2jhk/ebpf-bootstrap] 2026-07-12 14:55:49.107 [INFO][1] init-best-effort/calico-init_linux.go 296: Mounted root cgroup2 filesystem.
[pod/calico-node-c2jhk/calico-node] 2026-07-12 14:55:50.849 [INFO][13] startup/startup.go 553: Early log level set to info
[pod/calico-node-c2jhk/calico-node] 2026-07-12 14:55:50.849 [INFO][13] startup/utils.go 125: Using NODENAME environment for node name article3-performance-worker3
[pod/calico-node-c2jhk/calico-node] 2026-07-12 14:55:50.851 [INFO][13] startup/utils.go 137: Determined node name: article3-performance-worker3
[pod/calico-node-c2jhk/calico-node] 2026-07-12 14:55:50.851 [INFO][13] startup/startup.go 111: Starting node article3-performance-worker3 with version v3.32.1
[pod/calico-node-c2jhk/calico-node] 2026-07-12 14:55:50.852 [INFO][13] startup/discovery.go 46: No explicit Calico API group configured, attempting to auto-discover
[pod/calico-node-c2jhk/calico-node] 2026-07-12 14:55:50.893 [INFO][13] startup/discovery.go 74: Auto-discovered Calico API groups v1present=true v3present=false
[pod/calico-node-c2jhk/calico-node] 2026-07-12 14:55:50.893 [INFO][13] startup/client.go 85: Using API group for CRD backend apiGroup="crd.projectcalico.org/v1"
[pod/calico-node-c2jhk/calico-node] 2026-07-12 14:55:50.895 [INFO][13] startup/startup.go 558: Checking datastore connection
[pod/calico-node-c2jhk/calico-node] 2026-07-12 14:55:50.899 [INFO][13] startup/startup.go 581: Datastore connection verified
[pod/calico-node-c2jhk/calico-node] 2026-07-12 14:55:50.899 [INFO][13] startup/startup.go 121: Datastore is ready
[pod/calico-node-c2jhk/calico-node] 2026-07-12 14:55:50.899 [INFO][13] startup/ipam.go 2561: Upgrading any IPAM affinities from older versions.... node="article3-performance-worker3"
[pod/calico-node-c2jhk/calico-node] 2026-07-12 14:55:50.904 [INFO][13] startup/ipam.go 2617: No affinities needed to be upgraded.
[pod/calico-node-c2jhk/calico-node] 2026-07-12 14:55:50.922 [INFO][13] startup/startup.go 610: Initialize BGP data
[pod/calico-node-c2jhk/calico-node] 2026-07-12 14:55:50.924 [INFO][13] startup/autodetection_methods.go 103: Using autodetected IPv4 address on interface eth0: 172.18.0.7/16
[pod/calico-node-c2jhk/calico-node] 2026-07-12 14:55:50.924 [INFO][13] startup/startup.go 727: Node IPv4 changed, will check for conflicts
[pod/calico-node-c2jhk/calico-node] 2026-07-12 14:55:50.929 [INFO][13] startup/startup.go 879: No AS number configured on node resource, using global value
[pod/calico-node-c2jhk/calico-node] 2026-07-12 14:55:50.949 [INFO][13] startup/startup.go 942: found v4=192.168.0.0/16 in the kubeadm config map
[pod/calico-node-c2jhk/calico-node] 2026-07-12 14:55:50.949 [INFO][13] startup/startup.go 946: found v6= in the kubeadm config map
[pod/calico-node-c2jhk/calico-node] 2026-07-12 14:55:50.954 [INFO][13] startup/startup.go 847: FELIX_IPV6SUPPORT is false through environment variable
[pod/calico-node-c2jhk/calico-node] I0712 14:55:50.977011      13 warnings.go:107] "Warning: unknown field \"status\""
[pod/calico-node-c2jhk/calico-node] I0712 14:55:50.985761      13 warnings.go:107] "Warning: unknown field \"status\""
[pod/calico-node-c2jhk/calico-node] I0712 14:55:50.994530      13 warnings.go:107] "Warning: unknown field \"status\""
[pod/calico-node-c2jhk/calico-node] 2026-07-12 14:55:51.001 [INFO][13] startup/startup.go 241: Using node name: article3-performance-worker3
[pod/calico-node-c2jhk/calico-node] 2026-07-12 14:55:51.112 [INFO][27] tunnel-ip-allocator/param_types.go 1042: StringSliceParam StringSliceParam raw="docker+"
[pod/calico-node-c2jhk/calico-node] 2026-07-12 14:55:51.113 [INFO][27] tunnel-ip-allocator/param_types.go 1080: DSCPParam DSCPParam raw="23"
[pod/calico-node-c2jhk/calico-node] 2026-07-12 14:55:51.114 [INFO][27] tunnel-ip-allocator/env_var_loader.go 45: Found felix environment variable: ipv6support="false"
[pod/calico-node-c2jhk/calico-node] 2026-07-12 14:55:51.114 [INFO][27] tunnel-ip-allocator/env_var_loader.go 45: Found felix environment variable: vxlanmtu="0"
[pod/calico-node-c2jhk/calico-node] 2026-07-12 14:55:51.114 [INFO][27] tunnel-ip-allocator/env_var_loader.go 45: Found felix environment variable: healthenabled="true"
[pod/calico-node-c2jhk/calico-node] 2026-07-12 14:55:51.114 [INFO][27] tunnel-ip-allocator/env_var_loader.go 45: Found felix environment variable: defaultendpointtohostaction="ACCEPT"
[pod/calico-node-c2jhk/calico-node] 2026-07-12 14:55:51.114 [INFO][27] tunnel-ip-allocator/env_var_loader.go 45: Found felix environment variable: wireguardmtu="0"
[pod/calico-node-c2jhk/calico-node] 2026-07-12 14:55:51.114 [INFO][27] tunnel-ip-allocator/env_var_loader.go 45: Found felix environment variable: ipinipmtu="0"
[pod/calico-node-c2jhk/calico-node] 2026-07-12 14:55:51.114 [INFO][27] tunnel-ip-allocator/config_params.go 660: Merging in config from environment variable: map[defaultendpointtohostaction:ACCEPT healthenabled:true ipinipmtu:0 ipv6support:false vxlanmtu:0 wireguardmtu:0]
[pod/calico-node-c2jhk/calico-node] 2026-07-12 14:55:51.114 [INFO][27] tunnel-ip-allocator/config_params.go 797: Parsing value for IpInIpMtu: 0 (from environment variable)
[pod/calico-node-c2jhk/calico-node] 2026-07-12 14:55:51.115 [INFO][27] tunnel-ip-allocator/config_params.go 833: Parsed value for IpInIpMtu: 0 (from environment variable)
[pod/calico-node-c2jhk/calico-node] 2026-07-12 14:55:51.115 [INFO][27] tunnel-ip-allocator/config_params.go 797: Parsing value for Ipv6Support: false (from environment variable)
[pod/calico-node-c2jhk/calico-node] 2026-07-12 14:55:51.115 [INFO][27] tunnel-ip-allocator/config_params.go 833: Parsed value for Ipv6Support: false (from environment variable)
[pod/calico-node-c2jhk/calico-node] 2026-07-12 14:55:51.115 [INFO][27] tunnel-ip-allocator/config_params.go 797: Parsing value for VXLANMTU: 0 (from environment variable)
[pod/calico-node-c2jhk/calico-node] 2026-07-12 14:55:51.115 [INFO][27] tunnel-ip-allocator/config_params.go 833: Parsed value for VXLANMTU: 0 (from environment variable)
[pod/calico-node-c2jhk/calico-node] 2026-07-12 14:55:51.115 [INFO][27] tunnel-ip-allocator/config_params.go 797: Parsing value for HealthEnabled: true (from environment variable)
[pod/calico-node-c2jhk/calico-node] 2026-07-12 14:55:51.115 [INFO][27] tunnel-ip-allocator/config_params.go 833: Parsed value for HealthEnabled: true (from environment variable)
[pod/calico-node-c2jhk/calico-node] 2026-07-12 14:55:51.115 [INFO][27] tunnel-ip-allocator/config_params.go 797: Parsing value for DefaultEndpointToHostAction: ACCEPT (from environment variable)
[pod/calico-node-c2jhk/calico-node] 2026-07-12 14:55:51.115 [INFO][27] tunnel-ip-allocator/config_params.go 833: Parsed value for DefaultEndpointToHostAction: ACCEPT (from environment variable)
[pod/calico-node-c2jhk/calico-node] 2026-07-12 14:55:51.115 [INFO][27] tunnel-ip-allocator/config_params.go 797: Parsing value for WireguardMTU: 0 (from environment variable)
[pod/calico-node-c2jhk/calico-node] 2026-07-12 14:55:51.115 [INFO][27] tunnel-ip-allocator/config_params.go 833: Parsed value for WireguardMTU: 0 (from environment variable)
[pod/calico-node-c2jhk/calico-node] 2026-07-12 14:55:51.116 [INFO][27] tunnel-ip-allocator/discovery.go 46: No explicit Calico API group configured, attempting to auto-discover
[pod/calico-node-c2jhk/calico-node] 2026-07-12 14:55:51.129 [INFO][27] tunnel-ip-allocator/discovery.go 74: Auto-discovered Calico API groups v1present=true v3present=false
[pod/calico-node-c2jhk/calico-node] 2026-07-12 14:55:51.129 [INFO][27] tunnel-ip-allocator/client.go 85: Using API group for CRD backend apiGroup="crd.projectcalico.org/v1"
[pod/calico-node-c2jhk/calico-node] 2026-07-12 14:55:51.150 [INFO][27] tunnel-ip-allocator/allocateip.go 315: Assign a new tunnel address type="ipipTunnelAddress"
[pod/calico-node-c2jhk/calico-node] 2026-07-12 14:55:51.150 [INFO][27] tunnel-ip-allocator/allocateip.go 395: Release any old tunnel addresses IP="" type="ipipTunnelAddress"
[pod/calico-node-c2jhk/calico-node] 2026-07-12 14:55:51.153 [INFO][27] tunnel-ip-allocator/ipam.go 118: Auto-assign 1 ipv4, 0 ipv6 addrs for host 'article3-performance-worker3'
[pod/calico-node-c2jhk/calico-node] 2026-07-12 14:55:51.157 [INFO][27] tunnel-ip-allocator/ipam.go 723: Looking up existing affinities for host handle="ipip-tunnel-addr-article3-performance-worker3" host="article3-performance-worker3"
[pod/calico-node-c2jhk/calico-node] 2026-07-12 14:55:51.171 [INFO][27] tunnel-ip-allocator/ipam.go 415: Looking up existing affinities for host host="article3-performance-worker3"
[pod/calico-node-c2jhk/calico-node] 2026-07-12 14:55:51.190 [INFO][27] tunnel-ip-allocator/ipam.go 563: Ran out of existing affine blocks for host host="article3-performance-worker3"
[pod/calico-node-c2jhk/calico-node] 2026-07-12 14:55:51.200 [INFO][27] tunnel-ip-allocator/ipam.go 580: Tried all affine blocks. Looking for an affine block with space, or a new unclaimed block host="article3-performance-worker3"
[pod/calico-node-c2jhk/calico-node] 2026-07-12 14:55:51.205 [INFO][27] tunnel-ip-allocator/ipam_block_reader_writer.go 186: Found free block: 192.168.8.64/26
[pod/calico-node-c2jhk/calico-node] 2026-07-12 14:55:51.205 [INFO][27] tunnel-ip-allocator/ipam.go 593: Found unclaimed block in 5.312031ms host="article3-performance-worker3" subnet=192.168.8.64/26
[pod/calico-node-c2jhk/calico-node] 2026-07-12 14:55:51.205 [INFO][27] tunnel-ip-allocator/ipam_block_reader_writer.go 253: Trying to create affinity in pending state host="article3-performance-worker3" subnet=192.168.8.64/26
[pod/calico-node-c2jhk/calico-node] 2026-07-12 14:55:51.268 [INFO][27] tunnel-ip-allocator/ipam_block_reader_writer.go 283: Successfully created pending affinity for block host="article3-performance-worker3" subnet=192.168.8.64/26
[pod/calico-node-c2jhk/calico-node] 2026-07-12 14:55:51.268 [INFO][27] tunnel-ip-allocator/ipam.go 166: Attempting to load block cidr=192.168.8.64/26 host="article3-performance-worker3"
[pod/calico-node-c2jhk/calico-node] 2026-07-12 14:55:51.272 [INFO][27] tunnel-ip-allocator/ipam.go 171: The referenced block doesn't exist, trying to create it cidr=192.168.8.64/26 host="article3-performance-worker3"
[pod/calico-node-c2jhk/calico-node] 2026-07-12 14:55:51.279 [INFO][27] tunnel-ip-allocator/ipam.go 178: Wrote affinity as pending cidr=192.168.8.64/26 host="article3-performance-worker3"
[pod/calico-node-c2jhk/calico-node] 2026-07-12 14:55:51.283 [INFO][27] tunnel-ip-allocator/ipam.go 187: Attempting to claim the block cidr=192.168.8.64/26 host="article3-performance-worker3"
[pod/calico-node-c2jhk/calico-node] 2026-07-12 14:55:51.283 [INFO][27] tunnel-ip-allocator/ipam_block_reader_writer.go 306: Attempting to create a new block affinityType="host" host="article3-performance-worker3" subnet=192.168.8.64/26
[pod/calico-node-c2jhk/calico-node] 2026-07-12 14:55:51.296 [INFO][27] tunnel-ip-allocator/ipam_block_reader_writer.go 347: Successfully created block
[pod/calico-node-c2jhk/calico-node] 2026-07-12 14:55:51.296 [INFO][27] tunnel-ip-allocator/ipam_block_reader_writer.go 363: Confirming affinity host="article3-performance-worker3" subnet=192.168.8.64/26
[pod/calico-node-c2jhk/calico-node] 2026-07-12 14:55:51.314 [INFO][27] tunnel-ip-allocator/ipam_block_reader_writer.go 378: Successfully confirmed affinity host="article3-performance-worker3" subnet=192.168.8.64/26
[pod/calico-node-c2jhk/calico-node] 2026-07-12 14:55:51.314 [INFO][27] tunnel-ip-allocator/ipam.go 628: Block '192.168.8.64/26' has 64 free ips which is more than 1 ips required. host="article3-performance-worker3" subnet=192.168.8.64/26
[pod/calico-node-c2jhk/calico-node] 2026-07-12 14:55:51.314 [INFO][27] tunnel-ip-allocator/ipam.go 1392: Attempting to assign 1 addresses from block block=192.168.8.64/26 handle="ipip-tunnel-addr-article3-performance-worker3" host="article3-performance-worker3"
[pod/calico-node-c2jhk/calico-node] 2026-07-12 14:55:51.317 [INFO][27] tunnel-ip-allocator/ipam.go 1974: Creating new handle: ipip-tunnel-addr-article3-performance-worker3
[pod/calico-node-c2jhk/calico-node] 2026-07-12 14:55:51.329 [INFO][27] tunnel-ip-allocator/ipam.go 1422: Writing block in order to claim IPs block=192.168.8.64/26 handle="ipip-tunnel-addr-article3-performance-worker3" host="article3-performance-worker3"
[pod/calico-node-c2jhk/calico-node] 2026-07-12 14:55:51.359 [INFO][27] tunnel-ip-allocator/ipam.go 1438: Successfully claimed IPs: [192.168.8.64/26] block=192.168.8.64/26 handle="ipip-tunnel-addr-article3-performance-worker3" host="article3-performance-worker3"
[pod/calico-node-c2jhk/calico-node] 2026-07-12 14:55:51.359 [INFO][27] tunnel-ip-allocator/ipam.go 947: Auto-assigned 1 out of 1 IPv4s: [192.168.8.64/26] handle="ipip-tunnel-addr-article3-performance-worker3" host="article3-performance-worker3"
[pod/calico-node-c2jhk/calico-node] 2026-07-12 14:55:51.359 [INFO][27] tunnel-ip-allocator/allocateip.go 518: Assigned tunnel address to node IP="192.168.8.64" type="ipipTunnelAddress"
[pod/calico-node-c2jhk/calico-node] 2026-07-12 14:55:51.359 [INFO][27] tunnel-ip-allocator/allocateip.go 409: Assign new tunnel address IP="192.168.8.64" type="ipipTunnelAddress"
[pod/calico-node-c2jhk/calico-node] Calico node started successfully
[pod/calico-node-c2jhk/calico-node] bird: Unable to open configuration file /etc/calico/confd/config/bird6.cfg: No such file or directorybird: Unable to open configuration file /etc/calico/confd/config/bird.cfg: No such file or directory
[pod/calico-node-c2jhk/calico-node] 
[pod/calico-node-c2jhk/calico-node] 2026-07-12 14:55:52.669 [INFO][89] confd/config.go 81: Skipping confd config file.
[pod/calico-node-c2jhk/calico-node] 2026-07-12 14:55:52.670 [INFO][89] confd/run.go 18: Starting calico-confd
[pod/calico-node-c2jhk/calico-node] 2026-07-12 14:55:52.671 [INFO][89] confd/discovery.go 46: No explicit Calico API group configured, attempting to auto-discover
[pod/calico-node-c2jhk/calico-node] 2026-07-12 14:55:52.678 [INFO][88] node-services/nodeservices.go 75: Starting CNI token monitor service
[pod/calico-node-c2jhk/calico-node] 2026-07-12 14:55:52.678 [INFO][88] node-services/nodeservices.go 52: Starting complete-startup service
[pod/calico-node-c2jhk/calico-node] 2026-07-12 14:55:52.679 [INFO][88] node-services/startup.go 281: Waiting for Calico to become ready before continuing...
[pod/calico-node-c2jhk/calico-node] 2026-07-12 14:55:52.679 [INFO][88] node-services/nodeservices.go 62: Starting node status reporter service
[pod/calico-node-c2jhk/calico-node] 2026-07-12 14:55:52.679 [INFO][88] node-services/startup.go 553: Early log level set to info
[pod/calico-node-c2jhk/calico-node] 2026-07-12 14:55:52.679 [INFO][88] node-services/nodeservices.go 68: Starting monitor-addresses service
[pod/calico-node-c2jhk/calico-node] 2026-07-12 14:55:52.679 [INFO][88] node-services/discovery.go 46: No explicit Calico API group configured, attempting to auto-discover
[pod/calico-node-c2jhk/calico-node] 2026-07-12 14:55:52.679 [INFO][88] node-services/nodeservices.go 57: Starting tunnel IP allocator service
[pod/calico-node-c2jhk/calico-node] 2026-07-12 14:55:52.680 [INFO][88] node-services/discovery.go 46: No explicit Calico API group configured, attempting to auto-discover
[pod/calico-node-c2jhk/calico-node] 2026-07-12 14:55:52.680 [INFO][88] node-services/param_types.go 1042: StringSliceParam StringSliceParam raw="docker+"
[pod/calico-node-c2jhk/calico-node] 2026-07-12 14:55:52.680 [INFO][88] node-services/param_types.go 1080: DSCPParam DSCPParam raw="23"
[pod/calico-node-c2jhk/calico-node] 2026-07-12 14:55:52.681 [INFO][88] node-services/token_watch.go 240: Watching service account token directory for rotation dir="/var/run/secrets/kubernetes.io/serviceaccount"
[pod/calico-node-c2jhk/calico-node] 2026-07-12 14:55:52.681 [INFO][88] node-services/env_var_loader.go 45: Found felix environment variable: ipv6support="false"
[pod/calico-node-c2jhk/calico-node] 2026-07-12 14:55:52.682 [INFO][88] node-services/env_var_loader.go 45: Found felix environment variable: vxlanmtu="0"
[pod/calico-node-c2jhk/calico-node] 2026-07-12 14:55:52.682 [INFO][88] node-services/env_var_loader.go 45: Found felix environment variable: healthenabled="true"
[pod/calico-node-c2jhk/calico-node] 2026-07-12 14:55:52.682 [INFO][88] node-services/env_var_loader.go 45: Found felix environment variable: defaultendpointtohostaction="ACCEPT"
[pod/calico-node-c2jhk/calico-node] 2026-07-12 14:55:52.682 [INFO][88] node-services/env_var_loader.go 45: Found felix environment variable: wireguardmtu="0"
[pod/calico-node-c2jhk/calico-node] 2026-07-12 14:55:52.682 [INFO][88] node-services/env_var_loader.go 45: Found felix environment variable: ipinipmtu="0"
[pod/calico-node-c2jhk/calico-node] 2026-07-12 14:55:52.682 [INFO][88] node-services/config_params.go 660: Merging in config from environment variable: map[defaultendpointtohostaction:ACCEPT healthenabled:true ipinipmtu:0 ipv6support:false vxlanmtu:0 wireguardmtu:0]
[pod/calico-node-c2jhk/calico-node] 2026-07-12 14:55:52.682 [INFO][88] node-services/config_params.go 797: Parsing value for Ipv6Support: false (from environment variable)
[pod/calico-node-c2jhk/calico-node] 2026-07-12 14:55:52.682 [INFO][88] node-services/config_params.go 833: Parsed value for Ipv6Support: false (from environment variable)
[pod/calico-node-c2jhk/calico-node] 2026-07-12 14:55:52.682 [INFO][88] node-services/config_params.go 797: Parsing value for VXLANMTU: 0 (from environment variable)
[pod/calico-node-c2jhk/calico-node] 2026-07-12 14:55:52.682 [INFO][88] node-services/config_params.go 833: Parsed value for VXLANMTU: 0 (from environment variable)
[pod/calico-node-c2jhk/calico-node] 2026-07-12 14:55:52.682 [INFO][88] node-services/config_params.go 797: Parsing value for HealthEnabled: true (from environment variable)
[pod/calico-node-c2jhk/calico-node] 2026-07-12 14:55:52.682 [INFO][88] node-services/config_params.go 833: Parsed value for HealthEnabled: true (from environment variable)
[pod/calico-node-c2jhk/calico-node] 2026-07-12 14:55:52.682 [INFO][88] node-services/config_params.go 797: Parsing value for DefaultEndpointToHostAction: ACCEPT (from environment variable)
[pod/calico-node-c2jhk/calico-node] 2026-07-12 14:55:52.682 [INFO][88] node-services/config_params.go 833: Parsed value for DefaultEndpointToHostAction: ACCEPT (from environment variable)
[pod/calico-node-c2jhk/calico-node] 2026-07-12 14:55:52.682 [INFO][88] node-services/config_params.go 797: Parsing value for WireguardMTU: 0 (from environment variable)
[pod/calico-node-c2jhk/calico-node] 2026-07-12 14:55:52.682 [INFO][88] node-services/config_params.go 833: Parsed value for WireguardMTU: 0 (from environment variable)
[pod/calico-node-c2jhk/calico-node] 2026-07-12 14:55:52.682 [INFO][88] node-services/config_params.go 797: Parsing value for IpInIpMtu: 0 (from environment variable)
[pod/calico-node-c2jhk/calico-node] 2026-07-12 14:55:52.682 [INFO][88] node-services/config_params.go 833: Parsed value for IpInIpMtu: 0 (from environment variable)
[pod/calico-node-c2jhk/calico-node] 2026-07-12 14:55:52.683 [INFO][88] node-services/discovery.go 46: No explicit Calico API group configured, attempting to auto-discover
[pod/calico-node-c2jhk/calico-node] 2026-07-12 14:55:52.683 [WARNING][88] node-services/startup.go 290: Calico is not ready yet, waiting... reason="calico/node is not ready: BIRD6 is not ready: error querying BIRD: unable to connect to BIRDv6 socket: dial unix /var/run/calico/bird6.ctl: connect: connection refused"
[pod/calico-node-c2jhk/calico-node] 2026-07-12 14:55:52.692 [INFO][89] confd/discovery.go 74: Auto-discovered Calico API groups v1present=true v3present=false
[pod/calico-node-c2jhk/calico-node] 2026-07-12 14:55:52.692 [INFO][89] confd/client.go 85: Using API group for CRD backend apiGroup="crd.projectcalico.org/v1"
[pod/calico-node-c2jhk/calico-node] 2026-07-12 14:55:52.697 [INFO][88] node-services/token_watch.go 449: Update of CNI kubeconfig triggered based on elapsed time.
[pod/calico-node-c2jhk/calico-node] 2026-07-12 14:55:52.703 [INFO][89] confd/client.go 1655: Advertise global service ranges from this node
[pod/calico-node-c2jhk/calico-node] 2026-07-12 14:55:52.703 [INFO][89] confd/client.go 1571: Updated with new cluster IP CIDRs: []
[pod/calico-node-c2jhk/calico-node] 2026-07-12 14:55:52.703 [INFO][89] confd/client.go 1655: Advertise global service ranges from this node
[pod/calico-node-c2jhk/calico-node] 2026-07-12 14:55:52.703 [INFO][89] confd/client.go 1562: Updated with new external IP CIDRs: []
[pod/calico-node-c2jhk/calico-node] 2026-07-12 14:55:52.703 [INFO][89] confd/client.go 1655: Advertise global service ranges from this node
[pod/calico-node-c2jhk/calico-node] 2026-07-12 14:55:52.703 [INFO][89] confd/client.go 1598: Updated with new Loadbalancer IP CIDRs: []
[pod/calico-node-c2jhk/calico-node] 2026-07-12 14:55:52.704 [ERROR][89] confd/status_file_watcher.go 118: Error adding directory to fsnotify. error=no such file or directory
[pod/calico-node-c2jhk/calico-node] 2026-07-12 14:55:52.704 [INFO][89] confd/status_file_watcher.go 185: Error initializing fsnotify. Falling back to polling. error=no such file or directory
[pod/calico-node-c2jhk/calico-node] 2026-07-12 14:55:52.704 [ERROR][89] confd/status_file_watcher.go 222: Error reading directory error=open /var/run/calico/endpoint-status: no such file or directory
[pod/calico-node-c2jhk/calico-node] 2026-07-12 14:55:52.704 [INFO][89] confd/client.go 452: Source LocalBGPPeerWatcher readiness changed, ready=true
[pod/calico-node-c2jhk/calico-node] 2026-07-12 14:55:52.706 [INFO][88] node-services/token_watch.go 513: Wrote updated CNI kubeconfig file. path="/host/etc/cni/net.d/calico-kubeconfig"
[pod/calico-node-c2jhk/calico-node] 2026-07-12 14:55:52.709 [INFO][89] confd/watchersyncer.go 118: Start called
[pod/calico-node-c2jhk/calico-node] 2026-07-12 14:55:52.709 [INFO][89] confd/client.go 452: Source SourceRouteGenerator readiness changed, ready=true
[pod/calico-node-c2jhk/calico-node] 2026-07-12 14:55:52.709 [INFO][89] confd/watchersyncer.go 158: Sending status update Status=wait-for-ready
[pod/calico-node-c2jhk/calico-node] 2026-07-12 14:55:52.710 [INFO][89] confd/watchersyncer.go 177: Starting main event processing loop
[pod/calico-node-c2jhk/calico-node] 2026-07-12 14:55:52.710 [INFO][89] confd/watchercache.go 243: Full resync is required ListRoot=".../ipam/v2/host/article3-performance-worker3"
[pod/calico-node-c2jhk/calico-node] 2026-07-12 14:55:52.711 [INFO][89] confd/watchercache.go 243: Full resync is required ListRoot=".../v3/pc.org/bgpconfigurations"
[pod/calico-node-c2jhk/calico-node] 2026-07-12 14:55:52.712 [INFO][89] confd/watchercache.go 243: Full resync is required ListRoot=".../v3/pc.org/bgppeers"
[pod/calico-node-c2jhk/calico-node] 2026-07-12 14:55:52.712 [INFO][89] confd/watchercache.go 243: Full resync is required ListRoot=".../v3/pc.org/nodes"
[pod/calico-node-c2jhk/calico-node] 2026-07-12 14:55:52.712 [INFO][89] confd/watchercache.go 243: Full resync is required ListRoot=".../v3/pc.org/ippools"
[pod/calico-node-c2jhk/calico-node] 2026-07-12 14:55:52.713 [INFO][88] node-services/discovery.go 74: Auto-discovered Calico API groups v1present=true v3present=false
[pod/calico-node-c2jhk/calico-node] 2026-07-12 14:55:52.713 [INFO][88] node-services/client.go 85: Using API group for CRD backend apiGroup="crd.projectcalico.org/v1"
[pod/calico-node-c2jhk/calico-node] 2026-07-12 14:55:52.714 [INFO][88] node-services/discovery.go 74: Auto-discovered Calico API groups v1present=true v3present=false
[pod/calico-node-c2jhk/calico-node] 2026-07-12 14:55:52.714 [INFO][88] node-services/client.go 85: Using API group for CRD backend apiGroup="crd.projectcalico.org/v1"
[pod/calico-node-c2jhk/calico-node] 2026-07-12 14:55:52.714 [INFO][88] node-services/discovery.go 74: Auto-discovered Calico API groups v1present=true v3present=false
[pod/calico-node-c2jhk/calico-node] 2026-07-12 14:55:52.715 [INFO][88] node-services/client.go 85: Using API group for CRD backend apiGroup="crd.projectcalico.org/v1"
[pod/calico-node-c2jhk/calico-node] 2026-07-12 14:55:52.715 [INFO][88] node-services/watchersyncer.go 118: Start called
[pod/calico-node-c2jhk/calico-node] 2026-07-12 14:55:52.715 [INFO][88] node-services/watchersyncer.go 158: Sending status update Status=wait-for-ready
[pod/calico-node-c2jhk/calico-node] 2026-07-12 14:55:52.715 [INFO][88] node-services/watchersyncer.go 177: Starting main event processing loop
[pod/calico-node-c2jhk/calico-node] 2026-07-12 14:55:52.715 [INFO][88] node-services/watchercache.go 243: Full resync is required ListRoot=".../v3/pc.org/caliconodestatuses"
[pod/calico-node-c2jhk/calico-node] 2026-07-12 14:55:52.716 [INFO][89] confd/watchercache.go 243: Full resync is required ListRoot=".../v3/pc.org/bgpfilters"
[pod/calico-node-c2jhk/calico-node] 2026-07-12 14:55:52.717 [INFO][88] node-services/utils.go 125: Using NODENAME environment for node name article3-performance-worker3
[pod/calico-node-c2jhk/calico-node] 2026-07-12 14:55:52.717 [INFO][88] node-services/utils.go 137: Determined node name: article3-performance-worker3
[pod/calico-node-c2jhk/calico-node] 2026-07-12 14:55:52.718 [INFO][89] confd/watchercache.go 448: Sending synced update ListRoot=".../v3/pc.org/nodes"
[pod/calico-node-c2jhk/calico-node] 2026-07-12 14:55:52.719 [INFO][89] confd/watchersyncer.go 158: Sending status update Status=resync
[pod/calico-node-c2jhk/calico-node] 2026-07-12 14:55:52.719 [INFO][89] confd/watchersyncer.go 243: Received InSync event from one of the watcher caches
[pod/calico-node-c2jhk/calico-node] 2026-07-12 14:55:52.718 [INFO][89] confd/watchercache.go 448: Sending synced update ListRoot=".../v3/pc.org/bgpconfigurations"
[pod/calico-node-c2jhk/calico-node] 2026-07-12 14:55:52.720 [INFO][89] confd/watchersyncer.go 243: Received InSync event from one of the watcher caches
[pod/calico-node-c2jhk/calico-node] 2026-07-12 14:55:52.726 [INFO][89] confd/watchercache.go 448: Sending synced update ListRoot=".../ipam/v2/host/article3-performance-worker3"
[pod/calico-node-c2jhk/calico-node] 2026-07-12 14:55:52.726 [INFO][89] confd/watchersyncer.go 243: Received InSync event from one of the watcher caches
[pod/calico-node-c2jhk/calico-node] 2026-07-12 14:55:52.726 [INFO][88] node-services/watchercache.go 448: Sending synced update ListRoot=".../v3/pc.org/caliconodestatuses"
[pod/calico-node-c2jhk/calico-node] 2026-07-12 14:55:52.727 [INFO][88] node-services/watchersyncer.go 243: Received InSync event from one of the watcher caches
[pod/calico-node-c2jhk/calico-node] 2026-07-12 14:55:52.727 [INFO][88] node-services/watchersyncer.go 158: Sending status update Status=resync
[pod/calico-node-c2jhk/calico-node] 2026-07-12 14:55:52.727 [INFO][88] node-services/watchersyncer.go 255: All watchers have sync'd data - sending data and final sync
[pod/calico-node-c2jhk/calico-node] 2026-07-12 14:55:52.727 [INFO][88] node-services/watchersyncer.go 158: Sending status update Status=in-sync
[pod/calico-node-c2jhk/calico-node] 2026-07-12 14:55:52.727 [INFO][89] confd/watchercache.go 448: Sending synced update ListRoot=".../v3/pc.org/bgpfilters"
[pod/calico-node-c2jhk/calico-node] 2026-07-12 14:55:52.727 [INFO][88] node-services/watchersyncer.go 118: Start called
[pod/calico-node-c2jhk/calico-node] 2026-07-12 14:55:52.728 [INFO][88] node-services/watchersyncer.go 158: Sending status update Status=wait-for-ready
[pod/calico-node-c2jhk/calico-node] 2026-07-12 14:55:52.728 [INFO][89] confd/client.go 1158: Recompute BGP peerings: HostBGPConfig(node=article3-performance-control-plane; name=ip_addr_v4) updated; HostBGPConfig(node=article3-performance-control-plane; name=ip_addr_v6) updated; HostBGPConfig(node=article3-performance-control-plane; name=network_v4) updated; HostBGPConfig(node=article3-performance-control-plane; name=rr_cluster_id) updated; article3-performance-control-plane updated; HostBGPConfig(node=article3-performance-worker; name=ip_addr_v4) updated; HostBGPConfig(node=article3-performance-worker; name=ip_addr_v6) updated; HostBGPConfig(node=article3-performance-worker; name=network_v4) updated; HostBGPConfig(node=article3-performance-worker; name=rr_cluster_id) updated; article3-performance-worker updated; HostBGPConfig(node=article3-performance-worker2; name=ip_addr_v4) updated; HostBGPConfig(node=article3-performance-worker2; name=ip_addr_v6) updated; HostBGPConfig(node=article3-performance-worker2; name=network_v4) updated; HostBGPConfig(node=article3-performance-worker2; name=rr_cluster_id) updated; article3-performance-worker2 updated; HostBGPConfig(node=article3-performance-worker3; name=ip_addr_v4) updated; HostBGPConfig(node=article3-performance-worker3; name=ip_addr_v6) updated; HostBGPConfig(node=article3-performance-worker3; name=network_v4) updated; HostBGPConfig(node=article3-performance-worker3; name=rr_cluster_id) updated; article3-performance-worker3 updated; listenPort deleted.; bindMode deleted.; AS number deleted.
[pod/calico-node-c2jhk/calico-node] 2026-07-12 14:55:52.729 [INFO][89] confd/client.go 1174: Updates included service advertisement changes.
[pod/calico-node-c2jhk/calico-node] 2026-07-12 14:55:52.729 [INFO][89] confd/client.go 1177: Starting route generator due to service advertisement update
[pod/calico-node-c2jhk/calico-node] 2026-07-12 14:55:52.730 [INFO][89] confd/routes.go 136: Starting RouteGenerator for Kubernetes services
[pod/calico-node-c2jhk/calico-node] 2026-07-12 14:55:52.730 [INFO][89] confd/client.go 1655: Advertise global service ranges from this node
[pod/calico-node-c2jhk/calico-node] 2026-07-12 14:55:52.730 [INFO][89] confd/client.go 1562: Updated with new external IP CIDRs: []
[pod/calico-node-c2jhk/calico-node] 2026-07-12 14:55:52.730 [INFO][89] confd/client.go 1655: Advertise global service ranges from this node
[pod/calico-node-c2jhk/calico-node] 2026-07-12 14:55:52.730 [INFO][89] confd/client.go 1571: Updated with new cluster IP CIDRs: []
[pod/calico-node-c2jhk/calico-node] 2026-07-12 14:55:52.730 [INFO][89] confd/client.go 1655: Advertise global service ranges from this node
[pod/calico-node-c2jhk/calico-node] 2026-07-12 14:55:52.730 [INFO][89] confd/client.go 1598: Updated with new Loadbalancer IP CIDRs: []
[pod/calico-node-c2jhk/calico-node] 2026-07-12 14:55:52.730 [INFO][89] confd/watchersyncer.go 243: Received InSync event from one of the watcher caches
[pod/calico-node-c2jhk/calico-node] 2026-07-12 14:55:52.735 [INFO][89] confd/watchercache.go 448: Sending synced update ListRoot=".../v3/pc.org/bgppeers"
[pod/calico-node-c2jhk/calico-node] 2026-07-12 14:55:52.736 [INFO][88] node-services/watchersyncer.go 177: Starting main event processing loop
[pod/calico-node-c2jhk/calico-node] 2026-07-12 14:55:52.737 [INFO][88] node-services/watchercache.go 243: Full resync is required ListRoot=".../v3/pc.org/ippools"
[pod/calico-node-c2jhk/calico-node] 2026-07-12 14:55:52.738 [INFO][88] node-services/watchercache.go 243: Full resync is required ListRoot=".../v3/pc.org/nodes/article3-performance-worker3"
[pod/calico-node-c2jhk/calico-node] 2026-07-12 14:55:52.735 [INFO][89] confd/watchercache.go 448: Sending synced update ListRoot=".../v3/pc.org/ippools"
[pod/calico-node-c2jhk/calico-node] 2026-07-12 14:55:52.740 [INFO][89] confd/watchersyncer.go 243: Received InSync event from one of the watcher caches
[pod/calico-node-c2jhk/calico-node] 2026-07-12 14:55:52.741 [INFO][89] confd/watchersyncer.go 243: Received InSync event from one of the watcher caches
[pod/calico-node-c2jhk/calico-node] 2026-07-12 14:55:52.741 [INFO][89] confd/watchersyncer.go 255: All watchers have sync'd data - sending data and final sync
[pod/calico-node-c2jhk/calico-node] 2026-07-12 14:55:52.741 [INFO][89] confd/watchersyncer.go 158: Sending status update Status=in-sync
[pod/calico-node-c2jhk/calico-node] 2026-07-12 14:55:52.741 [INFO][89] confd/client.go 452: Source SourceSyncer readiness changed, ready=true
[pod/calico-node-c2jhk/calico-node] 2026-07-12 14:55:52.741 [INFO][89] confd/client.go 472: Data is now syncd, can start rendering templates
[pod/calico-node-c2jhk/calico-node] 2026-07-12 14:55:52.744 [INFO][88] node-services/watchercache.go 448: Sending synced update ListRoot=".../v3/pc.org/ippools"
[pod/calico-node-c2jhk/calico-node] 2026-07-12 14:55:52.744 [INFO][88] node-services/watchersyncer.go 158: Sending status update Status=resync
[pod/calico-node-c2jhk/calico-node] 2026-07-12 14:55:52.748 [INFO][88] node-services/watchersyncer.go 243: Received InSync event from one of the watcher caches
[pod/calico-node-c2jhk/calico-node] 2026-07-12 14:55:52.756 [INFO][88] node-services/watchercache.go 448: Sending synced update ListRoot=".../v3/pc.org/nodes/article3-performance-worker3"
[pod/calico-node-c2jhk/calico-node] 2026-07-12 14:55:52.763 [INFO][88] node-services/watchersyncer.go 243: Received InSync event from one of the watcher caches
[pod/calico-node-c2jhk/calico-node] 2026-07-12 14:55:52.764 [INFO][88] node-services/watchersyncer.go 255: All watchers have sync'd data - sending data and final sync
[pod/calico-node-c2jhk/calico-node] 2026-07-12 14:55:52.764 [INFO][88] node-services/watchersyncer.go 158: Sending status update Status=in-sync
[pod/calico-node-c2jhk/calico-node] 2026-07-12 14:55:52.774 [INFO][89] confd/resource.go 293: Target config /etc/calico/confd/config/bird_ipam.cfg has been updated
[pod/calico-node-c2jhk/calico-node] 2026-07-12 14:55:52.781 [INFO][89] confd/resource.go 293: Target config /etc/calico/confd/config/bird6_ipam.cfg has been updated
[pod/calico-node-c2jhk/calico-node] 2026-07-12 14:55:52.781 [INFO][89] confd/resource.go 293: Target config /etc/calico/confd/config/bird_aggr.cfg has been updated
[pod/calico-node-c2jhk/calico-node] 2026-07-12 14:55:52.784 [INFO][89] confd/resource.go 293: Target config /etc/calico/confd/config/bird6_aggr.cfg has been updated
[pod/calico-node-c2jhk/calico-node] 2026-07-12 14:55:52.801 [INFO][89] confd/resource.go 293: Target config /etc/calico/confd/config/bird.cfg has been updated
[pod/calico-node-c2jhk/calico-node] 2026-07-12 14:55:52.805 [INFO][89] confd/resource.go 293: Target config /etc/calico/confd/config/bird6.cfg has been updated
[pod/calico-node-c2jhk/calico-node] 2026-07-12 14:55:52.831 [INFO][89] confd/routes.go 144: RouteGenerator in sync
[pod/calico-node-c2jhk/calico-node] 2026-07-12 14:55:52.832 [INFO][88] node-services/allocateip.go 342: Current address is still valid, do nothing currentAddr="192.168.8.64" type="ipipTunnelAddress"
[pod/calico-node-c2jhk/calico-node] 2026-07-12 14:55:52.853 [INFO][92] felix/daemon.go 362: Successfully loaded configuration. GOMAXPROCS=12 builddate="2026-06-25T01:02:31+0000" config=&config.Config{UseInternalDataplaneDriver:true, DataplaneDriver:"calico-iptables-plugin", DataplaneWatchdogTimeout:90000000000, WireguardEnabled:false, WireguardEnabledV6:false, WireguardListeningPort:51820, WireguardListeningPortV6:51821, WireguardRoutingRulePriority:99, WireguardInterfaceName:"wireguard.cali", WireguardInterfaceNameV6:"wg-v6.cali", WireguardMTU:0, WireguardMTUV6:0, WireguardHostEncryptionEnabled:false, WireguardPersistentKeepAlive:0, WireguardThreadingEnabled:false, NFTablesMode:"Auto", BPFEnabled:false, BPFDisableUnprivileged:true, BPFJITHardening:"Auto", BPFLogLevel:"off", BPFConntrackLogLevel:"off", BPFConntrackCleanupMode:"Auto", BPFConntrackTimeouts:map[string]string{"CreationGracePeriod":"10s", "GenericTimeout":"10m", "ICMPTimeout":"5s", "TCPEstablished":"1h", "TCPFinsSeen":"Auto", "TCPResetSeen":"40s", "TCPSynSent":"20s", "UDPTimeout":"60s"}, BPFLogFilters:map[string]string(nil), BPFCTLBLogFilter:"", BPFDataIfacePattern:(*regexp.Regexp)(0xc0004f6460), BPFL3IfacePattern:(*regexp.Regexp)(nil), BPFConnectTimeLoadBalancingEnabled:false, BPFConnectTimeLoadBalancing:"TCP", BPFHostNetworkedNATWithoutCTLB:"Enabled", BPFExternalServiceMode:"tunnel", BPFDSROptoutCIDRs:[]string(nil), BPFKubeProxyIptablesCleanupEnabled:true, BPFKubeProxyMinSyncPeriod:1000000000, BPFKubeProxyHealthzPort:10256, BPFExtToServiceConnmark:0, BPFPSNATPorts:numorstring.Port{MinPort:0x4e20, MaxPort:0x752f, PortName:""}, BPFMapSizeNATFrontend:65536, BPFMapSizeNATBackend:262144, BPFMapSizeNATAffinity:65536, BPFMapSizeRoute:262144, BPFMapSizeConntrack:512000, BPFMapSizePerCPUConntrack:0, BPFMapSizeConntrackScaling:"DoubleIfFull", BPFMapSizeConntrackCleanupQueue:100000, BPFMapSizeIPSets:1048576, BPFMapSizeIfState:1000, BPFHostConntrackBypass:false, BPFEnforceRPF:"Loose", BPFPolicyDebugEnabled:true, BPFForceTrackPacketsFromIfaces:[]string{"docker+"}, BPFDisableGROForIfaces:(*regexp.Regexp)(nil), BPFExcludeCIDRsFromNAT:[]string(nil), BPFRedirectToPeer:"Enabled", BPFAttachType:"TCX", BPFExportBufferSizeMB:1, BPFProfiling:"Disabled", IstioAmbientMode:"Disabled", IstioDSCPMark:numorstring.DSCP{Type:0, NumVal:0x17, StrVal:""}, CgroupV2Path:"", DebugBPFCgroupV2:"", DatastoreType:"kubernetes", FelixHostname:"article3-performance-worker3", EtcdAddr:"127.0.0.1:2379", EtcdScheme:"http", EtcdKeyFile:"", EtcdCertFile:"", EtcdCaFile:"", EtcdEndpoints:[]string(nil), TyphaAddr:"", TyphaK8sServiceName:"", TyphaK8sNamespace:"kube-system", TyphaReadTimeout:30000000000, TyphaWriteTimeout:10000000000, TyphaKeyFile:"", TyphaCertFile:"", TyphaCAFile:"", TyphaCN:"", TyphaURISAN:"", Ipv6Support:false, IptablesBackend:"auto", RouteRefreshInterval:90000000000, InterfaceRefreshInterval:90000000000, DeviceRouteSourceAddress:net.IP(nil), DeviceRouteSourceAddressIPv6:net.IP(nil), DeviceRouteProtocol:3, RemoveExternalRoutes:true, ProgramClusterRoutes:"Disabled", IPForwarding:"Enabled", IptablesRefreshInterval:180000000000, IptablesPostWriteCheckIntervalSecs:5000000000, IptablesLockProbeIntervalMillis:50000000, FeatureDetectOverride:map[string]string(nil), FeatureGates:map[string]string(nil), IpsetsRefreshInterval:90000000000, MaxIpsetSize:1048576, XDPRefreshInterval:90000000000, PolicySyncPathPrefix:"", NetlinkTimeoutSecs:10000000000, MetadataAddr:"", MetadataPort:8775, OpenstackRegion:"", InterfacePrefix:"cali", InterfaceExclude:[]*regexp.Regexp{(*regexp.Regexp)(0xc0004f6f00)}, ChainInsertMode:"insert", DefaultEndpointToHostAction:"ACCEPT", IptablesFilterAllowAction:"ACCEPT", IptablesMangleAllowAction:"ACCEPT", IptablesFilterDenyAction:"DROP", LogPrefix:"calico-packet", LogActionRateLimit:"", LogActionRateLimitBurst:5, LogFilePath:"", LogSeverityFile:"", LogSeverityScreen:"INFO", LogSeveritySys:"", LogDebugFilenameRegex:(*regexp.Regexp)(nil), VXLANEnabled:(*bool)(nil), VXLANPort:4789, VXLANVNI:4096, VXLANMTU:0, VXLANMTUV6:0, IPv4VXLANTunnelAddr:net.IP(nil), IPv6VXLANTunnelAddr:net.IP(nil), VXLANTunnelMACAddr:"", VXLANTunnelMACAddrV6:"", IpInIpEnabled:(*bool)(nil), IpInIpMtu:0, IpInIpTunnelAddr:net.IP{0x0, 0x0, 0x0, 0x0, 0x0, 0x0, 0x0, 0x0, 0x0, 0x0, 0xff, 0xff, 0xc0, 0xa8, 0x8, 0x40}, FloatingIPs:"Disabled", WindowsManageFirewallRules:"Disabled", AllowVXLANPacketsFromWorkloads:false, AllowIPIPPacketsFromWorkloads:false, AWSSrcDstCheck:"DoNothing", ServiceLoopPrevention:"Drop", WorkloadSourceSpoofing:"Disabled", ReportingIntervalSecs:0, ReportingTTLSecs:90000000000, EndpointReportingEnabled:false, EndpointReportingDelaySecs:1000000000, EndpointStatusPathPrefix:"/var/run/calico", IptablesMarkMask:0xffff0000, DisableConntrackInvalidCheck:false, HealthEnabled:true, HealthPort:9099, HealthHost:"localhost", HealthTimeoutOverrides:map[string]time.Duration(nil), PrometheusMetricsEnabled:false, PrometheusMetricsHost:"", PrometheusMetricsPort:9091, PrometheusGoMetricsEnabled:true, PrometheusProcessMetricsEnabled:true, PrometheusWireGuardMetricsEnabled:true, PrometheusMetricsCAFile:"", PrometheusMetricsCertFile:"", PrometheusMetricsKeyFile:"", PrometheusMetricsClientAuth:"RequireAndVerifyClientCert", FailsafeInboundHostPorts:[]v3.ProtoPort{v3.ProtoPort{Protocol:"tcp", Port:0x16, Net:""}, v3.ProtoPort{Protocol:"udp", Port:0x44, Net:""}, v3.ProtoPort{Protocol:"tcp", Port:0xb3, Net:""}, v3.ProtoPort{Protocol:"tcp", Port:0x94b, Net:""}, v3.ProtoPort{Protocol:"tcp", Port:0x94c, Net:""}, v3.ProtoPort{Protocol:"tcp", Port:0x1561, Net:""}, v3.ProtoPort{Protocol:"tcp", Port:0x192b, Net:""}, v3.ProtoPort{Protocol:"tcp", Port:0x1a0a, Net:""}, v3.ProtoPort{Protocol:"tcp", Port:0x1a0b, Net:""}}, FailsafeOutboundHostPorts:[]v3.ProtoPort{v3.ProtoPort{Protocol:"udp", Port:0x35, Net:""}, v3.ProtoPort{Protocol:"udp", Port:0x43, Net:""}, v3.ProtoPort{Protocol:"tcp", Port:0xb3, Net:""}, v3.ProtoPort{Protocol:"tcp", Port:0x94b, Net:""}, v3.ProtoPort{Protocol:"tcp", Port:0x94c, Net:""}, v3.ProtoPort{Protocol:"tcp", Port:0x1561, Net:""}, v3.ProtoPort{Protocol:"tcp", Port:0x192b, Net:""}, v3.ProtoPort{Protocol:"tcp", Port:0x1a0a, Net:""}, v3.ProtoPort{Protocol:"tcp", Port:0x1a0b, Net:""}}, FlowLogsFlushInterval:300000000000, FlowLogsCollectorDebugTrace:false, FlowLogsGoldmaneServer:"", FlowLogsLocalReporter:"Disabled", FlowLogsPolicyEvaluationMode:"Continuous", KubeNodePortRanges:[]numorstring.Port{numorstring.Port{MinPort:0x7530, MaxPort:0x7fff, PortName:""}}, NATPortRange:numorstring.Port{MinPort:0x0, MaxPort:0x0, PortName:""}, NATOutgoingAddress:net.IP(nil), NATOutgoingExclusions:"IPPoolsOnly", UsageReportingEnabled:true, UsageReportingInitialDelaySecs:300000000000, UsageReportingIntervalSecs:86400000000000, ClusterGUID:"8ccb8407339f4e4cb420b205f4e95bb6", ClusterType:"k8s,bgp,kubeadm,kdd", CalicoVersion:"v3.32.1", ExternalNodesCIDRList:[]string(nil), DebugMemoryProfilePath:"", DebugCPUProfilePath:"/tmp/felix-cpu-<timestamp>.pprof", DebugDisableLogDropping:false, DebugSimulateCalcGraphHangAfter:0, DebugSimulateDataplaneHangAfter:0, DebugSimulateDataplaneApplyDelay:0, DebugPanicAfter:0, DebugSimulateDataRace:false, DebugHost:"localhost", DebugPort:0, RouteSource:"CalicoIPAM", RouteTableRange:idalloc.IndexRange{Min:0, Max:0}, RouteTableRanges:[]idalloc.IndexRange(nil), RouteSyncDisabled:false, IPv4NormalRoutePriority:1024, IPv4ElevatedRoutePriority:512, IPv6NormalRoutePriority:1024, IPv6ElevatedRoutePriority:512, LiveMigrationRouteConvergenceTime:30000000000, IptablesNATOutgoingInterfaceFilter:"", SidecarAccelerationEnabled:false, XDPEnabled:true, GenericXDPEnabled:false, Variant:"Calico", GoGCThreshold:40, GoMemoryLimitMB:-1, GoMaxProcs:-1, MTUIfacePattern:(*regexp.Regexp)(0xc0004f7400), Encapsulation:config.Encapsulation{IPIPEnabled:true, VXLANEnabled:false, VXLANEnabledV6:false}, NftablesRefreshInterval:180000000000, NftablesFilterAllowAction:"ACCEPT", NftablesMangleAllowAction:"ACCEPT", NftablesFilterDenyAction:"DROP", NftablesMarkMask:0xffff0000, internalOverrides:map[string]string{}, sourceToRawConfig:map[config.Source]map[string]string{0x1:map[string]string{"BPFConnectTimeLoadBalancing":"TCP", "BPFHostNetworkedNATWithoutCTLB":"Enabled", "CalicoVersion":"v3.32.1", "ClusterGUID":"8ccb8407339f4e4cb420b205f4e95bb6", "ClusterType":"k8s,bgp,kubeadm,kdd", "FloatingIPs":"Disabled", "LogSeverityScreen":"Info", "NFTablesMode":"Auto", "ReportingIntervalSecs":"0"}, 0x2:map[string]string{}, 0x3:map[string]string{"IpInIpTunnelAddr":"192.168.8.64"}, 0x4:map[string]string{"LogFilePath":"None", "LogSeverityFile":"None", "LogSeveritySys":"None", "MetadataAddr":"None"}, 0x5:map[string]string{"datastoretype":"kubernetes", "defaultendpointtohostaction":"ACCEPT", "felixhostname":"article3-performance-worker3", "healthenabled":"true", "ipinipmtu":"0", "ipv6support":"false", "vxlanmtu":"0", "wireguardmtu":"0"}}, rawValues:map[string]string{"BPFConnectTimeLoadBalancing":"TCP", "BPFHostNetworkedNATWithoutCTLB":"Enabled", "CalicoVersion":"v3.32.1", "ClusterGUID":"8ccb8407339f4e4cb420b205f4e95bb6", "ClusterType":"k8s,bgp,kubeadm,kdd", "DatastoreType":"kubernetes", "DefaultEndpointToHostAction":"ACCEPT", "FelixHostname":"article3-performance-worker3", "FloatingIPs":"Disabled", "HealthEnabled":"true", "IpInIpMtu":"0", "IpInIpTunnelAddr":"192.168.8.64", "Ipv6Support":"false", "LogFilePath":"None", "LogSeverityFile":"None", "LogSeverityScreen":"Info", "LogSeveritySys":"None", "MetadataAddr":"None", "NFTablesMode":"Auto", "ReportingIntervalSecs":"0", "VXLANMTU":"0", "WireguardMTU":"0"}, Err:error(nil), loadClientConfigFromEnvironment:(func() (*apiconfig.CalicoAPIConfig, error))(0x1998440), useNodeResourceUpdates:false, RequireMTUFile:false, BPFMaglevMaxEndpointsPerService:100, BPFMaglevMaxServices:100} gitcommit="0ca9d1b93644778cafdf1812f3dda02ac0c361e8" version="v3.32.1"
[pod/calico-node-c2jhk/calico-node] 2026-07-12 14:55:52.854 [INFO][92] felix/daemon.go 797: Setting GOGC from configuration. GOGC=40
[pod/calico-node-c2jhk/calico-node] 2026-07-12 14:55:52.855 [INFO][92] felix/daemon.go 825: Using runtime default GOMAXPROCS. default=12
[pod/calico-node-c2jhk/calico-node] 2026-07-12 14:55:52.855 [INFO][92] felix/health.go 373: Health enabled.  Server is already running. host="localhost" port=9099
[pod/calico-node-c2jhk/calico-node] 2026-07-12 14:55:52.861 [INFO][92] felix/driver.go 78: Using internal (linux) dataplane driver.
[pod/calico-node-c2jhk/calico-node] 2026-07-12 14:55:52.864 [INFO][92] felix/driver.go 171: Calculated iptables mark bits acceptMark=0x10000 dropMark=0x40000 endpointMark=0xffe00000 endpointMarkNonCali=0x0 passMark=0x20000 scratch0Mark=0x80000 scratch1Mark=0x100000
[pod/calico-node-c2jhk/calico-node] 2026-07-12 14:55:52.877 [INFO][92] felix/timeouts.go 86: BPF conntrack timeout set name="TCPSynSent" value=20s
[pod/calico-node-c2jhk/calico-node] 2026-07-12 14:55:52.879 [INFO][92] felix/timeouts.go 86: BPF conntrack timeout set name="TCPEstablished" value=1h0m0s
[pod/calico-node-c2jhk/calico-node] 2026-07-12 14:55:52.880 [INFO][92] felix/timeouts.go 97: BPF conntrack timeout set from nf_conntrack_tcp_timeout_time_wait name="TCPFinsSeen" value=2m0s
[pod/calico-node-c2jhk/calico-node] 2026-07-12 14:55:52.880 [INFO][92] felix/timeouts.go 86: BPF conntrack timeout set name="TCPResetSeen" value=40s
[pod/calico-node-c2jhk/calico-node] 2026-07-12 14:55:52.880 [INFO][92] felix/timeouts.go 86: BPF conntrack timeout set name="UDPTimeout" value=1m0s
[pod/calico-node-c2jhk/calico-node] 2026-07-12 14:55:52.880 [INFO][92] felix/timeouts.go 86: BPF conntrack timeout set name="GenericTimeout" value=10m0s
[pod/calico-node-c2jhk/calico-node] 2026-07-12 14:55:52.880 [INFO][92] felix/timeouts.go 86: BPF conntrack timeout set name="ICMPTimeout" value=5s
[pod/calico-node-c2jhk/calico-node] 2026-07-12 14:55:52.880 [INFO][92] felix/timeouts.go 86: BPF conntrack timeout set name="CreationGracePeriod" value=10s
[pod/calico-node-c2jhk/calico-node] 2026-07-12 14:55:52.880 [INFO][92] felix/timeouts.go 116: BPF conntrack timers CreationGracePeriod=10s GenericTimeout=10m0s ICMPTimeout=5s TCPEstablished=1h0m0s TCPFinsSeen=2m0s TCPResetSeen=40s TCPSynSent=20s UDPTimeout=1m0s
[pod/calico-node-c2jhk/calico-node] 2026-07-12 14:55:52.880 [INFO][92] felix/int_dataplane.go 459: Creating internal dataplane driver. config=intdataplane.Config{Hostname:"article3-performance-worker3", NodeZone:"", IPv6Enabled:false, RuleRendererOverride:rules.RuleRenderer(nil), IPIPMTU:0, VXLANMTU:0, VXLANMTUV6:0, VXLANPort:4789, MaxIPSetSize:1048576, RouteSyncDisabled:false, IptablesBackend:"auto", IPSetsRefreshInterval:90000000000, RouteRefreshInterval:90000000000, DeviceRouteSourceAddress:net.IP(nil), DeviceRouteSourceAddressIPv6:net.IP(nil), DeviceRouteProtocol:3, RemoveExternalRoutes:true, ProgramClusterRoutes:false, IPForwarding:"Enabled", TableRefreshInterval:180000000000, IptablesPostWriteCheckInterval:5000000000, IptablesInsertMode:"insert", IptablesLockTimeout:0, IptablesLockProbeInterval:50000000, XDPRefreshInterval:90000000000, FloatingIPsEnabled:false, Wireguard:wireguard.Config{Enabled:false, EnabledV6:false, ListeningPort:51820, ListeningPortV6:51821, FirewallMark:0, RoutingRulePriority:99, RoutingTableIndex:1, RoutingTableIndexV6:2, InterfaceName:"wireguard.cali", InterfaceNameV6:"wg-v6.cali", MTU:0, MTUV6:0, RouteSource:"CalicoIPAM", EncryptHostTraffic:false, PersistentKeepAlive:0, RouteSyncDisabled:false, ThreadedNAPI:false}, NetlinkTimeout:10000000000, RulesConfig:rules.Config{IPSetConfigV4:(*ipsets.IPVersionConfig)(0xc0008b6140), IPSetConfigV6:(*ipsets.IPVersionConfig)(0xc0008b61e0), WorkloadIfacePrefixes:[]string{"cali"}, MarkAccept:0x10000, MarkPass:0x20000, MarkDrop:0x40000, MarkScratch0:0x80000, MarkScratch1:0x100000, MarkEndpoint:0xffe00000, MarkNonCaliEndpoint:0x0, KubeNodePortRanges:[]numorstring.Port{numorstring.Port{MinPort:0x7530, MaxPort:0x7fff, PortName:""}}, KubeIPVSSupportEnabled:false, OpenStackMetadataIP:net.IP(nil), OpenStackMetadataPort:0x2247, OpenStackSpecialCasesEnabled:false, VXLANEnabled:false, VXLANEnabledV6:false, VXLANPort:4789, VXLANVNI:4096, IPIPEnabled:true, FelixConfigIPIPEnabled:(*bool)(nil), IPIPTunnelAddress:net.IP{0x0, 0x0, 0x0, 0x0, 0x0, 0x0, 0x0, 0x0, 0x0, 0x0, 0xff, 0xff, 0xc0, 0xa8, 0x8, 0x40}, VXLANTunnelAddress:net.IP(nil), VXLANTunnelAddressV6:net.IP(nil), AllowVXLANPacketsFromWorkloads:false, AllowIPIPPacketsFromWorkloads:false, WireguardEnabled:false, WireguardEnabledV6:false, WireguardInterfaceName:"wireguard.cali", WireguardInterfaceNameV6:"wg-v6.cali", WireguardMark:0x0, WireguardListeningPort:51820, WireguardListeningPortV6:51821, WireguardEncryptHostTraffic:false, RouteSource:"CalicoIPAM", LogPrefix:"calico-packet", LogActionRateLimit:"", LogActionRateLimitBurst:5, EndpointToHostAction:"ACCEPT", FilterAllowAction:"ACCEPT", MangleAllowAction:"ACCEPT", FilterDenyAction:"DROP", FailsafeInboundHostPorts:[]v3.ProtoPort{v3.ProtoPort{Protocol:"tcp", Port:0x16, Net:""}, v3.ProtoPort{Protocol:"udp", Port:0x44, Net:""}, v3.ProtoPort{Protocol:"tcp", Port:0xb3, Net:""}, v3.ProtoPort{Protocol:"tcp", Port:0x94b, Net:""}, v3.ProtoPort{Protocol:"tcp", Port:0x94c, Net:""}, v3.ProtoPort{Protocol:"tcp", Port:0x1561, Net:""}, v3.ProtoPort{Protocol:"tcp", Port:0x192b, Net:""}, v3.ProtoPort{Protocol:"tcp", Port:0x1a0a, Net:""}, v3.ProtoPort{Protocol:"tcp", Port:0x1a0b, Net:""}}, FailsafeOutboundHostPorts:[]v3.ProtoPort{v3.ProtoPort{Protocol:"udp", Port:0x35, Net:""}, v3.ProtoPort{Protocol:"udp", Port:0x43, Net:""}, v3.ProtoPort{Protocol:"tcp", Port:0xb3, Net:""}, v3.ProtoPort{Protocol:"tcp", Port:0x94b, Net:""}, v3.ProtoPort{Protocol:"tcp", Port:0x94c, Net:""}, v3.ProtoPort{Protocol:"tcp", Port:0x1561, Net:""}, v3.ProtoPort{Protocol:"tcp", Port:0x192b, Net:""}, v3.ProtoPort{Protocol:"tcp", Port:0x1a0a, Net:""}, v3.ProtoPort{Protocol:"tcp", Port:0x1a0b, Net:""}}, DisableConntrackInvalid:false, NATPortRange:numorstring.Port{MinPort:0x0, MaxPort:0x0, PortName:""}, IptablesNATOutgoingInterfaceFilter:"", NATOutgoingAddress:net.IP(nil), NATOutgoingExclusions:"IPPoolsOnly", BPFEnabled:false, BPFForceTrackPacketsFromIfaces:[]string{"docker+"}, ServiceLoopPrevention:"Drop", NFTablesMode:"Auto", FlowLogsEnabled:false, IstioAmbientModeEnabled:false, IstioDSCPMark:0x17}, IfaceMonitorConfig:ifacemonitor.Config{InterfaceExcludes:[]*regexp.Regexp{(*regexp.Regexp)(0xc0004f6f00)}, ResyncInterval:90000000000, NetlinkTimeout:10000000000}, StatusReportingInterval:0, ConfigChangedRestartCallback:(func())(0x410e460), FatalErrorRestartCallback:(func(error))(0x410e360), PostInSyncCallback:(func())(0x40d6ae0), HealthAggregator:(*health.HealthAggregator)(0xc000b42c90), WatchdogTimeout:90000000000, RouteTableManager:(*idalloc.IndexAllocator)(0xc0008a8e20), bpfProxyHealthCheck:proxy.Healthcheck(nil), DebugSimulateDataplaneHangAfter:0, DebugSimulateDataplaneApplyDelay:0, ExternalNodesCidrs:[]string(nil), BPFEnabled:false, BPFPolicyDebugEnabled:true, BPFDisableUnprivileged:true, BPFJITHardening:"Auto", BPFKubeProxyIptablesCleanupEnabled:true, BPFLogLevel:"off", BPFConntrackLogLevel:"off", BPFLogFilters:map[string]string(nil), BPFCTLBLogFilter:"", BPFExtToServiceConnmark:0, BPFDataIfacePattern:(*regexp.Regexp)(0xc0004f6460), BPFL3IfacePattern:(*regexp.Regexp)(nil), XDPEnabled:true, XDPAllowGeneric:false, BPFConntrackCleanupMode:"Auto", BPFConntrackTimeouts:timeouts.Timeouts{CreationGracePeriod:10000000000, TCPSynSent:20000000000, TCPEstablished:3600000000000, TCPFinsSeen:120000000000, TCPResetSeen:40000000000, UDPTimeout:60000000000, GenericTimeout:600000000000, ICMPTimeout:5000000000}, BPFCgroupV2:"", BPFConnTimeLBEnabled:false, BPFConnTimeLB:"TCP", BPFHostNetworkedNAT:"Enabled", BPFNodePortDSREnabled:false, BPFDSROptoutCIDRs:[]string(nil), BPFPSNATPorts:numorstring.Port{MinPort:0x4e20, MaxPort:0x752f, PortName:""}, BPFMapSizeRoute:262144, BPFMapSizeConntrack:512000, BPFMapSizePerCPUConntrack:0, BPFMapSizeConntrackScaling:"DoubleIfFull", BPFMapSizeConntrackCleanupQueue:100000, BPFMapSizeNATFrontend:65536, BPFMapSizeNATBackend:262144, BPFMapSizeNATAffinity:65536, BPFMapSizeIPSets:1048576, BPFMapSizeIfState:1000, BPFMapSizeMaglev:50300, BPFMaglevLUTSize:503, BPFIpv6Enabled:false, BPFHostConntrackBypass:false, BPFEnforceRPF:"Loose", BPFDisableGROForIfaces:(*regexp.Regexp)(nil), BPFExcludeCIDRsFromNAT:[]string(nil), BPFExportBufferSizeMB:1, BPFRedirectToPeer:"Enabled", BPFAttachType:"TCX", BPFProfiling:"Disabled", KubeProxyMinSyncPeriod:1000000000, KubeProxyHealtzPort:10256, SidecarAccelerationEnabled:false, WorkloadSourceSpoofing:false, NfNetlinkBufSize:65536, Collector:collector.Collector(nil), LookupsCache:(*calc.LookupsCache)(nil), FlowLogsEnabled:false, ServiceLoopPrevention:"Drop", LookPathOverride:(func(string) (string, error))(nil), KubeClientSet:(*kubernetes.Clientset)(0xc000703500), FeatureDetectOverrides:map[string]string(nil), FeatureGates:map[string]string(nil), hostMTU:0, MTUIfacePattern:(*regexp.Regexp)(0xc0004f7400), RequireMTUFile:false, RouteSource:"CalicoIPAM", IPv4NormalRoutePriority:1024, IPv4ElevatedRoutePriority:512, IPv6NormalRoutePriority:1024, IPv6ElevatedRoutePriority:512, LiveMigrationRouteConvergenceTime:30000000000, IPAMClient:(*ipam.ipamClient)(0xc0008b6a50), KubernetesProvider:0x0, NewNftablesDataplane:(nftables.NewNftablesDataplaneFn)(nil)}
[pod/calico-node-c2jhk/calico-node] 2026-07-12 14:55:53.059 [INFO][92] felix/int_dataplane.go 1518: Determined whether or not to use nftables calicoMode="Auto" kubeProxyEnabled=false useNftables=false
[pod/calico-node-c2jhk/calico-node] 2026-07-12 14:55:53.060 [INFO][92] felix/rule_defs.go 515: Creating rule renderer. config=rules.Config{IPSetConfigV4:(*ipsets.IPVersionConfig)(0xc0008b6140), IPSetConfigV6:(*ipsets.IPVersionConfig)(0xc0008b61e0), WorkloadIfacePrefixes:[]string{"cali"}, MarkAccept:0x10000, MarkPass:0x20000, MarkDrop:0x40000, MarkScratch0:0x80000, MarkScratch1:0x100000, MarkEndpoint:0xffe00000, MarkNonCaliEndpoint:0x0, KubeNodePortRanges:[]numorstring.Port{numorstring.Port{MinPort:0x7530, MaxPort:0x7fff, PortName:""}}, KubeIPVSSupportEnabled:false, OpenStackMetadataIP:net.IP(nil), OpenStackMetadataPort:0x2247, OpenStackSpecialCasesEnabled:false, VXLANEnabled:false, VXLANEnabledV6:false, VXLANPort:4789, VXLANVNI:4096, IPIPEnabled:true, FelixConfigIPIPEnabled:(*bool)(nil), IPIPTunnelAddress:net.IP{0x0, 0x0, 0x0, 0x0, 0x0, 0x0, 0x0, 0x0, 0x0, 0x0, 0xff, 0xff, 0xc0, 0xa8, 0x8, 0x40}, VXLANTunnelAddress:net.IP(nil), VXLANTunnelAddressV6:net.IP(nil), AllowVXLANPacketsFromWorkloads:false, AllowIPIPPacketsFromWorkloads:false, WireguardEnabled:false, WireguardEnabledV6:false, WireguardInterfaceName:"wireguard.cali", WireguardInterfaceNameV6:"wg-v6.cali", WireguardMark:0x0, WireguardListeningPort:51820, WireguardListeningPortV6:51821, WireguardEncryptHostTraffic:false, RouteSource:"CalicoIPAM", LogPrefix:"calico-packet", LogActionRateLimit:"", LogActionRateLimitBurst:5, EndpointToHostAction:"ACCEPT", FilterAllowAction:"ACCEPT", MangleAllowAction:"ACCEPT", FilterDenyAction:"DROP", FailsafeInboundHostPorts:[]v3.ProtoPort{v3.ProtoPort{Protocol:"tcp", Port:0x16, Net:""}, v3.ProtoPort{Protocol:"udp", Port:0x44, Net:""}, v3.ProtoPort{Protocol:"tcp", Port:0xb3, Net:""}, v3.ProtoPort{Protocol:"tcp", Port:0x94b, Net:""}, v3.ProtoPort{Protocol:"tcp", Port:0x94c, Net:""}, v3.ProtoPort{Protocol:"tcp", Port:0x1561, Net:""}, v3.ProtoPort{Protocol:"tcp", Port:0x192b, Net:""}, v3.ProtoPort{Protocol:"tcp", Port:0x1a0a, Net:""}, v3.ProtoPort{Protocol:"tcp", Port:0x1a0b, Net:""}}, FailsafeOutboundHostPorts:[]v3.ProtoPort{v3.ProtoPort{Protocol:"udp", Port:0x35, Net:""}, v3.ProtoPort{Protocol:"udp", Port:0x43, Net:""}, v3.ProtoPort{Protocol:"tcp", Port:0xb3, Net:""}, v3.ProtoPort{Protocol:"tcp", Port:0x94b, Net:""}, v3.ProtoPort{Protocol:"tcp", Port:0x94c, Net:""}, v3.ProtoPort{Protocol:"tcp", Port:0x1561, Net:""}, v3.ProtoPort{Protocol:"tcp", Port:0x192b, Net:""}, v3.ProtoPort{Protocol:"tcp", Port:0x1a0a, Net:""}, v3.ProtoPort{Protocol:"tcp", Port:0x1a0b, Net:""}}, DisableConntrackInvalid:false, NATPortRange:numorstring.Port{MinPort:0x0, MaxPort:0x0, PortName:""}, IptablesNATOutgoingInterfaceFilter:"", NATOutgoingAddress:net.IP(nil), NATOutgoingExclusions:"IPPoolsOnly", BPFEnabled:false, BPFForceTrackPacketsFromIfaces:[]string{"docker+"}, ServiceLoopPrevention:"Drop", NFTablesMode:"Auto", FlowLogsEnabled:false, IstioAmbientModeEnabled:false, IstioDSCPMark:0x17}
[pod/calico-node-c2jhk/calico-node] 2026-07-12 14:55:53.065 [INFO][92] felix/rule_defs.go 550: packets that are not passed by any policy or profile will be dropped.
[pod/calico-node-c2jhk/calico-node] 2026-07-12 14:55:53.065 [INFO][92] felix/rule_defs.go 565: Workload to host packets will be accepted.
[pod/calico-node-c2jhk/calico-node] 2026-07-12 14:55:53.065 [INFO][92] felix/rule_defs.go 579: filter table allowed packets will be accepted immediately.
[pod/calico-node-c2jhk/calico-node] 2026-07-12 14:55:53.065 [INFO][92] felix/rule_defs.go 587: mangle table allowed packets will be accepted immediately.
[pod/calico-node-c2jhk/calico-node] 2026-07-12 14:55:53.065 [INFO][92] felix/rule_defs.go 595: Packets to unknown service IPs will be dropped
[pod/calico-node-c2jhk/calico-node] 2026-07-12 14:55:53.067 [INFO][92] felix/int_dataplane.go 1614: Determined pod MTU mtu=1480
[pod/calico-node-c2jhk/calico-node] 2026-07-12 14:55:53.068 [INFO][92] felix/iface_monitor.go 92: configured to periodically rescan interfaces. interval=1m30s
[pod/calico-node-c2jhk/calico-node] 2026-07-12 14:55:53.070 [INFO][92] felix/feature_detect_linux.go 420: Looked up iptables command backendMode="nft" candidates=[]string{"ip6tables-nft-save", "ip6tables-save"} command="ip6tables-nft-save" ipVersion=0x6 saveOrRestore="save"
[pod/calico-node-c2jhk/calico-node] 2026-07-12 14:55:53.072 [INFO][92] felix/feature_detect_linux.go 420: Looked up iptables command backendMode="nft" candidates=[]string{"iptables-nft-save", "iptables-save"} command="iptables-nft-save" ipVersion=0x4 saveOrRestore="save"
[pod/calico-node-c2jhk/calico-node] 2026-07-12 14:55:53.135 [INFO][92] felix/table.go 341: Calculated old-insert detection regex. pattern="(?:-j|--jump) cali-|(?:-j|--jump) califw-|(?:-j|--jump) calitw-|(?:-j|--jump) califh-|(?:-j|--jump) calith-|(?:-j|--jump) calipi-|(?:-j|--jump) calipo-|(?:-j|--jump) felix-"
[pod/calico-node-c2jhk/calico-node] 2026-07-12 14:55:53.136 [INFO][92] felix/table.go 457: Enabling iptables-in-nftables-mode workarounds.
[pod/calico-node-c2jhk/calico-node] 2026-07-12 14:55:53.137 [INFO][92] felix/feature_detect_linux.go 420: Looked up iptables command backendMode="nft" candidates=[]string{"iptables-nft-restore", "iptables-restore"} command="iptables-nft-restore" ipVersion=0x4 saveOrRestore="restore"
[pod/calico-node-c2jhk/calico-node] 2026-07-12 14:55:53.139 [INFO][92] felix/feature_detect_linux.go 420: Looked up iptables command backendMode="nft" candidates=[]string{"iptables-nft-save", "iptables-save"} command="iptables-nft-save" ipVersion=0x4 saveOrRestore="save"
[pod/calico-node-c2jhk/calico-node] 2026-07-12 14:55:53.139 [INFO][92] felix/table.go 341: Calculated old-insert detection regex. pattern="(?:-j|--jump) cali-|(?:-j|--jump) califw-|(?:-j|--jump) calitw-|(?:-j|--jump) califh-|(?:-j|--jump) calith-|(?:-j|--jump) calipi-|(?:-j|--jump) calipo-|(?:-j|--jump) felix-|-A POSTROUTING .* felix-masq-ipam-pools .*|-A POSTROUTING -o tunl0 -m addrtype ! --src-type LOCAL --limit-iface-out -m addrtype --src-type LOCAL -j MASQUERADE"
[pod/calico-node-c2jhk/calico-node] 2026-07-12 14:55:53.139 [INFO][92] felix/table.go 457: Enabling iptables-in-nftables-mode workarounds.
[pod/calico-node-c2jhk/calico-node] 2026-07-12 14:55:53.140 [INFO][92] felix/feature_detect_linux.go 420: Looked up iptables command backendMode="nft" candidates=[]string{"iptables-nft-restore", "iptables-restore"} command="iptables-nft-restore" ipVersion=0x4 saveOrRestore="restore"
[pod/calico-node-c2jhk/calico-node] 2026-07-12 14:55:53.140 [INFO][92] felix/feature_detect_linux.go 420: Looked up iptables command backendMode="nft" candidates=[]string{"iptables-nft-save", "iptables-save"} command="iptables-nft-save" ipVersion=0x4 saveOrRestore="save"
[pod/calico-node-c2jhk/calico-node] 2026-07-12 14:55:53.140 [INFO][92] felix/table.go 341: Calculated old-insert detection regex. pattern="(?:-j|--jump) cali-|(?:-j|--jump) califw-|(?:-j|--jump) calitw-|(?:-j|--jump) califh-|(?:-j|--jump) calith-|(?:-j|--jump) calipi-|(?:-j|--jump) calipo-|(?:-j|--jump) felix-"
[pod/calico-node-c2jhk/calico-node] 2026-07-12 14:55:53.140 [INFO][92] felix/table.go 457: Enabling iptables-in-nftables-mode workarounds.
[pod/calico-node-c2jhk/calico-node] 2026-07-12 14:55:53.141 [INFO][92] felix/feature_detect_linux.go 420: Looked up iptables command backendMode="nft" candidates=[]string{"iptables-nft-restore", "iptables-restore"} command="iptables-nft-restore" ipVersion=0x4 saveOrRestore="restore"
[pod/calico-node-c2jhk/calico-node] 2026-07-12 14:55:53.141 [INFO][92] felix/feature_detect_linux.go 420: Looked up iptables command backendMode="nft" candidates=[]string{"iptables-nft-save", "iptables-save"} command="iptables-nft-save" ipVersion=0x4 saveOrRestore="save"
[pod/calico-node-c2jhk/calico-node] 2026-07-12 14:55:53.141 [INFO][92] felix/table.go 341: Calculated old-insert detection regex. pattern="(?:-j|--jump) cali-|(?:-j|--jump) califw-|(?:-j|--jump) calitw-|(?:-j|--jump) califh-|(?:-j|--jump) calith-|(?:-j|--jump) calipi-|(?:-j|--jump) calipo-|(?:-j|--jump) felix-"
[pod/calico-node-c2jhk/calico-node] 2026-07-12 14:55:53.141 [INFO][92] felix/table.go 457: Enabling iptables-in-nftables-mode workarounds.
[pod/calico-node-c2jhk/calico-node] 2026-07-12 14:55:53.141 [INFO][92] felix/feature_detect_linux.go 420: Looked up iptables command backendMode="nft" candidates=[]string{"iptables-nft-restore", "iptables-restore"} command="iptables-nft-restore" ipVersion=0x4 saveOrRestore="restore"
[pod/calico-node-c2jhk/calico-node] 2026-07-12 14:55:53.141 [INFO][92] felix/feature_detect_linux.go 420: Looked up iptables command backendMode="nft" candidates=[]string{"iptables-nft-save", "iptables-save"} command="iptables-nft-save" ipVersion=0x4 saveOrRestore="save"
[pod/calico-node-c2jhk/calico-node] 2026-07-12 14:55:53.147 [INFO][92] felix/feature_detect_linux.go 180: Updating detected iptables features features=environment.Features{SNATFullyRandom:true, MASQFullyRandom:true, RestoreSupportsLock:true, ChecksumOffloadBroken:false, NFLogSize:true, IPIPDeviceIsL3:true, KernelSideRouteFiltering:true, KernelHasUDPGSOFix:false, NFTablesSupported:true} iptablesVersion=1.8.10 kernelVersion=6.6.87
[pod/calico-node-c2jhk/calico-node] 2026-07-12 14:55:53.150 [INFO][92] felix/int_dataplane.go 801: XDP acceleration enabled.
[pod/calico-node-c2jhk/calico-node] 2026-07-12 14:55:53.213 [INFO][92] felix/table.go 341: Calculated old-insert detection regex. pattern="(?:-j|--jump) cali-|(?:-j|--jump) califw-|(?:-j|--jump) calitw-|(?:-j|--jump) califh-|(?:-j|--jump) calith-|(?:-j|--jump) calipi-|(?:-j|--jump) calipo-|(?:-j|--jump) felix-"
[pod/calico-node-c2jhk/calico-node] 2026-07-12 14:55:53.213 [INFO][92] felix/table.go 457: Enabling iptables-in-nftables-mode workarounds.
[pod/calico-node-c2jhk/calico-node] 2026-07-12 14:55:53.213 [INFO][92] felix/feature_detect_linux.go 420: Looked up iptables command backendMode="nft" candidates=[]string{"ip6tables-nft-restore", "ip6tables-restore"} command="ip6tables-nft-restore" ipVersion=0x6 saveOrRestore="restore"
[pod/calico-node-c2jhk/calico-node] 2026-07-12 14:55:53.213 [INFO][92] felix/feature_detect_linux.go 420: Looked up iptables command backendMode="nft" candidates=[]string{"ip6tables-nft-save", "ip6tables-save"} command="ip6tables-nft-save" ipVersion=0x6 saveOrRestore="save"
[pod/calico-node-c2jhk/calico-node] 2026-07-12 14:55:53.684 [WARNING][88] node-services/startup.go 290: Calico is not ready yet, waiting... reason="calico/node is not ready: BIRD is not ready: error querying BIRD: unable to connect to BIRDv4 socket: dial unix /var/run/calico/bird.ctl: connect: connection refused"
[pod/calico-node-c2jhk/calico-node] 2026-07-12 14:55:53.714 [INFO][92] felix/maps.go 834: Loaded map file descriptor. fd=0x21 name="/sys/fs/bpf/tc/globals/cali_ctlb_conn"
[pod/calico-node-c2jhk/calico-node] 2026-07-12 14:55:53.977 [INFO][92] felix/maps.go 834: Loaded map file descriptor. fd=0x22 name="/sys/fs/bpf/tc/globals/cali_ctlb_send"
[pod/calico-node-c2jhk/calico-node] 2026-07-12 14:55:54.463 [INFO][92] felix/maps.go 834: Loaded map file descriptor. fd=0x23 name="/sys/fs/bpf/tc/globals/cali_ctlb_recv"
[pod/calico-node-c2jhk/calico-node] 2026-07-12 14:55:54.466 [INFO][92] felix/int_dataplane.go 887: Failed to remove BPF connect-time load balancer, ignoring. error=error querying cgroup 11 : no such file or directory
[pod/calico-node-c2jhk/calico-node] error querying cgroup 15 : no such file or directory
[pod/calico-node-c2jhk/calico-node] error querying cgroup 20 : no such file or directory
[pod/calico-node-c2jhk/calico-node] error querying cgroup 10 : no such file or directory
[pod/calico-node-c2jhk/calico-node] error querying cgroup 14 : no such file or directory
[pod/calico-node-c2jhk/calico-node] error querying cgroup 19 : no such file or directory
[pod/calico-node-c2jhk/calico-node] bird: device1: Initializing
[pod/calico-node-c2jhk/calico-node] bird: direct1: Initializing
[pod/calico-node-c2jhk/calico-node] bird: device1: Starting
[pod/calico-node-c2jhk/calico-node] bird: device1: Initializing
[pod/calico-node-c2jhk/calico-node] bird: direct1: Initializing
[pod/calico-node-c2jhk/calico-node] bird: Mesh_172_18_0_5: Initializing
[pod/calico-node-c2jhk/calico-node] bird: Mesh_172_18_0_6: Initializing
[pod/calico-node-c2jhk/calico-node] bird: Mesh_172_18_0_8: Initializing
[pod/calico-node-c2jhk/calico-node] bird: device1: Starting
[pod/calico-node-c2jhk/calico-node] bird: device1: Connected to table master
[pod/calico-node-c2jhk/calico-node] bird: device1: State changed to feed
[pod/calico-node-c2jhk/calico-node] bird: direct1: Starting
[pod/calico-node-c2jhk/calico-node] bird: direct1: Connected to table master
[pod/calico-node-c2jhk/calico-node] bird: direct1: State changed to feed
[pod/calico-node-c2jhk/calico-node] bird: Graceful restart started
[pod/calico-node-c2jhk/calico-node] bird: Graceful restart done
[pod/calico-node-c2jhk/calico-node] bird: Started
[pod/calico-node-c2jhk/calico-node] bird: device1: State changed to up
[pod/calico-node-c2jhk/calico-node] bird: device1: Connected to table master
[pod/calico-node-c2jhk/calico-node] bird: device1: State changed to feed
[pod/calico-node-c2jhk/calico-node] bird: direct1: State changed to up
[pod/calico-node-c2jhk/calico-node] bird: direct1: Starting
[pod/calico-node-c2jhk/calico-node] bird: direct1: Connected to table master
[pod/calico-node-c2jhk/calico-node] bird: direct1: State changed to feed
[pod/calico-node-c2jhk/calico-node] bird: Mesh_172_18_0_5: Starting
[pod/calico-node-c2jhk/calico-node] bird: Mesh_172_18_0_5: State changed to start
[pod/calico-node-c2jhk/calico-node] bird: Mesh_172_18_0_6: Starting
[pod/calico-node-c2jhk/calico-node] bird: Mesh_172_18_0_6: State changed to start
[pod/calico-node-c2jhk/calico-node] bird: Mesh_172_18_0_8: Starting
[pod/calico-node-c2jhk/calico-node] bird: Mesh_172_18_0_8: State changed to start
[pod/calico-node-c2jhk/calico-node] bird: Graceful restart started
[pod/calico-node-c2jhk/calico-node] bird: Started
[pod/calico-node-c2jhk/calico-node] bird: device1: State changed to up
[pod/calico-node-c2jhk/calico-node] bird: direct1: State changed to up
[pod/calico-node-c2jhk/calico-node] 2026-07-12 14:55:54.685 [INFO][88] node-services/health.go 207: Number of node(s) with BGP peering established = 0
[pod/calico-node-c2jhk/calico-node] 2026-07-12 14:55:54.685 [INFO][88] node-services/health.go 207: Number of node(s) with BGP peering established = 0
[pod/calico-node-c2jhk/calico-node] 2026-07-12 14:55:54.685 [WARNING][88] node-services/startup.go 290: Calico is not ready yet, waiting... reason="calico/node is not ready: BIRD is not ready: BGP not established with 172.18.0.5,172.18.0.6,172.18.0.8"
[pod/calico-node-c2jhk/calico-node] 2026-07-12 14:55:54.688 [INFO][92] felix/health.go 291: Reporter is not ready: reporting non-ready. name="FelixStartup"
[pod/calico-node-c2jhk/calico-node] 2026-07-12 14:55:54.689 [INFO][92] felix/health.go 333: Overall health status changed: live=true ready=false
[pod/calico-node-c2jhk/calico-node] +--------------+---------+----------------+---------------------+--------+
[pod/calico-node-c2jhk/calico-node] |  COMPONENT   | TIMEOUT |    LIVENESS    |      READINESS      | DETAIL |
[pod/calico-node-c2jhk/calico-node] +--------------+---------+----------------+---------------------+--------+
[pod/calico-node-c2jhk/calico-node] | FelixStartup | -       | reporting live | reporting non-ready |        |
[pod/calico-node-c2jhk/calico-node] +--------------+---------+----------------+---------------------+--------+
[pod/calico-node-c2jhk/calico-node] 2026-07-12 14:55:55.234 [INFO][92] felix/int_dataplane.go 3124: File /var/lib/calico/bpf_ct_map_size does not exist
[pod/calico-node-c2jhk/calico-node] 2026-07-12 14:55:55.273 [INFO][92] felix/ipsets.go 179: Queueing IP set for creation family="inet" setID="network-ip-pools" setType="hash:net"
[pod/calico-node-c2jhk/calico-node] 2026-07-12 14:55:55.274 [INFO][92] felix/ipsets.go 179: Queueing IP set for creation family="inet" setID="masq-ipam-pools" setType="hash:net"
[pod/calico-node-c2jhk/calico-node] 2026-07-12 14:55:55.274 [INFO][92] felix/int_dataplane.go 1197: IPIP enabled, starting thread to keep tunnel configuration in sync.
[pod/calico-node-c2jhk/calico-node] 2026-07-12 14:55:55.274 [INFO][92] felix/int_dataplane.go 1450: Registering to report health.
[pod/calico-node-c2jhk/calico-node] 2026-07-12 14:55:55.275 [INFO][92] felix/route_mgr.go 478: Tunnel device thread started. device="tunl0" ipVersion=0x4 mtu=1480 tunnelDevice="tunl0" wait=10s xsumBroken=false
[pod/calico-node-c2jhk/calico-node] 2026-07-12 14:55:55.296 [INFO][92] felix/int_dataplane.go 2638: attempted to modprobe nf_conntrack_proto_sctp error=exit status 1 output=""
[pod/calico-node-c2jhk/calico-node] 2026-07-12 14:55:55.296 [INFO][92] felix/int_dataplane.go 2641: Making sure IPv4 forwarding is enabled.
[pod/calico-node-c2jhk/calico-node] 2026-07-12 14:55:55.296 [INFO][92] felix/ratelimitedlogger.go 216: Chain became referenced, marking it for programming chainName="cali-PREROUTING" ipVersion=0x4 table="raw"
[pod/calico-node-c2jhk/calico-node] 2026-07-12 14:55:55.296 [INFO][92] felix/ratelimitedlogger.go 216: Chain became referenced, marking it for programming chainName="cali-rpf-skip" ipVersion=0x4 table="raw"
[pod/calico-node-c2jhk/calico-node] 2026-07-12 14:55:55.296 [INFO][92] felix/ratelimitedlogger.go 216: Chain became referenced, marking it for programming chainName="cali-from-host-endpoint" ipVersion=0x4 table="raw"
[pod/calico-node-c2jhk/calico-node] 2026-07-12 14:55:55.297 [INFO][92] felix/ratelimitedlogger.go 216: Chain became referenced, marking it for programming chainName="cali-OUTPUT" ipVersion=0x4 table="raw"
[pod/calico-node-c2jhk/calico-node] 2026-07-12 14:55:55.297 [INFO][92] felix/ratelimitedlogger.go 216: Chain became referenced, marking it for programming chainName="cali-to-host-endpoint" ipVersion=0x4 table="raw"
[pod/calico-node-c2jhk/calico-node] 2026-07-12 14:55:55.297 [INFO][92] felix/ratelimitedlogger.go 216: Chain became referenced, marking it for programming chainName="cali-FORWARD" ipVersion=0x4 table="filter"
[pod/calico-node-c2jhk/calico-node] 2026-07-12 14:55:55.297 [INFO][92] felix/ratelimitedlogger.go 216: Chain became referenced, marking it for programming chainName="cali-from-hep-forward" ipVersion=0x4 table="filter"
[pod/calico-node-c2jhk/calico-node] 2026-07-12 14:55:55.297 [INFO][92] felix/ratelimitedlogger.go 216: Chain became referenced, marking it for programming chainName="cali-from-wl-dispatch" ipVersion=0x4 table="filter"
[pod/calico-node-c2jhk/calico-node] 2026-07-12 14:55:55.297 [INFO][92] felix/ratelimitedlogger.go 216: Chain became referenced, marking it for programming chainName="cali-to-wl-dispatch" ipVersion=0x4 table="filter"
[pod/calico-node-c2jhk/calico-node] 2026-07-12 14:55:55.297 [INFO][92] felix/ratelimitedlogger.go 216: Chain became referenced, marking it for programming chainName="cali-to-hep-forward" ipVersion=0x4 table="filter"
[pod/calico-node-c2jhk/calico-node] 2026-07-12 14:55:55.297 [INFO][92] felix/ratelimitedlogger.go 216: Chain became referenced, marking it for programming chainName="cali-cidr-block" ipVersion=0x4 table="filter"
[pod/calico-node-c2jhk/calico-node] 2026-07-12 14:55:55.297 [INFO][92] felix/ratelimitedlogger.go 216: Chain became referenced, marking it for programming chainName="cali-INPUT" ipVersion=0x4 table="filter"
[pod/calico-node-c2jhk/calico-node] 2026-07-12 14:55:55.297 [INFO][92] felix/ratelimitedlogger.go 216: Chain became referenced, marking it for programming chainName="cali-wl-to-host" ipVersion=0x4 table="filter"
[pod/calico-node-c2jhk/calico-node] 2026-07-12 14:55:55.298 [INFO][92] felix/ratelimitedlogger.go 216: Chain became referenced, marking it for programming chainName="cali-from-host-endpoint" ipVersion=0x4 table="filter"
[pod/calico-node-c2jhk/calico-node] 2026-07-12 14:55:55.298 [INFO][92] felix/ratelimitedlogger.go 216: Chain became referenced, marking it for programming chainName="cali-OUTPUT" ipVersion=0x4 table="filter"
[pod/calico-node-c2jhk/calico-node] 2026-07-12 14:55:55.298 [INFO][92] felix/ratelimitedlogger.go 216: Chain became referenced, marking it for programming chainName="cali-to-host-endpoint" ipVersion=0x4 table="filter"
[pod/calico-node-c2jhk/calico-node] 2026-07-12 14:55:55.298 [INFO][92] felix/ratelimitedlogger.go 216: Chain became referenced, marking it for programming chainName="cali-PREROUTING" ipVersion=0x4 table="nat"
[pod/calico-node-c2jhk/calico-node] 2026-07-12 14:55:55.298 [INFO][92] felix/ratelimitedlogger.go 216: Chain became referenced, marking it for programming chainName="cali-fip-dnat" ipVersion=0x4 table="nat"
[pod/calico-node-c2jhk/calico-node] 2026-07-12 14:55:55.298 [INFO][92] felix/ratelimitedlogger.go 216: Chain became referenced, marking it for programming chainName="cali-POSTROUTING" ipVersion=0x4 table="nat"
[pod/calico-node-c2jhk/calico-node] 2026-07-12 14:55:55.298 [INFO][92] felix/ratelimitedlogger.go 216: Chain became referenced, marking it for programming chainName="cali-fip-snat" ipVersion=0x4 table="nat"
[pod/calico-node-c2jhk/calico-node] 2026-07-12 14:55:55.298 [INFO][92] felix/ratelimitedlogger.go 216: Chain became referenced, marking it for programming chainName="cali-nat-outgoing" ipVersion=0x4 table="nat"
[pod/calico-node-c2jhk/calico-node] 2026-07-12 14:55:55.298 [INFO][92] felix/ratelimitedlogger.go 216: Chain became referenced, marking it for programming chainName="cali-OUTPUT" ipVersion=0x4 table="nat"
[pod/calico-node-c2jhk/calico-node] 2026-07-12 14:55:55.298 [INFO][92] felix/ratelimitedlogger.go 216: Chain became referenced, marking it for programming chainName="cali-PREROUTING" ipVersion=0x4 table="mangle"
[pod/calico-node-c2jhk/calico-node] 2026-07-12 14:55:55.298 [INFO][92] felix/ratelimitedlogger.go 216: Chain became referenced, marking it for programming chainName="cali-from-host-endpoint" ipVersion=0x4 table="mangle"
[pod/calico-node-c2jhk/calico-node] 2026-07-12 14:55:55.298 [INFO][92] felix/ratelimitedlogger.go 216: Chain became referenced, marking it for programming chainName="cali-POSTROUTING" ipVersion=0x4 table="mangle"
[pod/calico-node-c2jhk/calico-node] 2026-07-12 14:55:55.298 [INFO][92] felix/ratelimitedlogger.go 216: Chain became referenced, marking it for programming chainName="cali-egress-dscp" ipVersion=0x4 table="mangle"
[pod/calico-node-c2jhk/calico-node] 2026-07-12 14:55:55.298 [INFO][92] felix/ratelimitedlogger.go 216: Chain became referenced, marking it for programming chainName="cali-to-host-endpoint" ipVersion=0x4 table="mangle"
[pod/calico-node-c2jhk/calico-node] 2026-07-12 14:55:55.298 [INFO][92] felix/ratelimitedlogger.go 216: Chain became referenced, marking it for programming chainName="filter-cali-arp-dispatch" family="arp" ipVersion=4 table="calico-arp"
[pod/calico-node-c2jhk/calico-node] 2026-07-12 14:55:55.321 [INFO][92] felix/int_dataplane.go 2332: Set XDP failsafe ports: [{Protocol:tcp Port:22 Net:} {Protocol:udp Port:68 Net:} {Protocol:tcp Port:179 Net:} {Protocol:tcp Port:2379 Net:} {Protocol:tcp Port:2380 Net:} {Protocol:tcp Port:5473 Net:} {Protocol:tcp Port:6443 Net:} {Protocol:tcp Port:6666 Net:} {Protocol:tcp Port:6667 Net:}]
[pod/calico-node-c2jhk/calico-node] 2026-07-12 14:55:55.321 [INFO][92] felix/health.go 203: Health of component changed name="FelixStartup" newReport="live,ready" oldReport="live,non-ready"
[pod/calico-node-c2jhk/calico-node] 2026-07-12 14:55:55.322 [INFO][92] felix/daemon.go 486: Connect to the dataplane driver.
[pod/calico-node-c2jhk/calico-node] 2026-07-12 14:55:55.322 [INFO][92] felix/iface_monitor.go 117: Interface monitoring thread started.
[pod/calico-node-c2jhk/calico-node] 2026-07-12 14:55:55.322 [INFO][92] felix/daemon.go 585: using resource updates where applicable
[pod/calico-node-c2jhk/calico-node] 2026-07-12 14:55:55.322 [INFO][92] felix/int_dataplane.go 2941: Started internal status report thread
[pod/calico-node-c2jhk/calico-node] 2026-07-12 14:55:55.322 [INFO][92] felix/int_dataplane.go 2943: Process status reports disabled
[pod/calico-node-c2jhk/calico-node] 2026-07-12 14:55:55.322 [INFO][92] felix/daemon.go 588: Created Syncer syncer=&watchersyncer.watcherSyncer{status:0x0, watcherCaches:[]*watchersyncer.watcherCache{(*watchersyncer.watcherCache)(0xc000c941a0), (*watchersyncer.watcherCache)(0xc000c94270), (*watchersyncer.watcherCache)(0xc000c94340), (*watchersyncer.watcherCache)(0xc000c94410), (*watchersyncer.watcherCache)(0xc000c944e0), (*watchersyncer.watcherCache)(0xc000c945b0), (*watchersyncer.watcherCache)(0xc000c94680), (*watchersyncer.watcherCache)(0xc000c94750), (*watchersyncer.watcherCache)(0xc000c94820), (*watchersyncer.watcherCache)(0xc000c948f0), (*watchersyncer.watcherCache)(0xc000c949c0), (*watchersyncer.watcherCache)(0xc000c94a90), (*watchersyncer.watcherCache)(0xc000c94b60), (*watchersyncer.watcherCache)(0xc000c94c30), (*watchersyncer.watcherCache)(0xc000c94d00), (*watchersyncer.watcherCache)(0xc000c94dd0), (*watchersyncer.watcherCache)(0xc000c94ea0), (*watchersyncer.watcherCache)(0xc000c94f70), (*watchersyncer.watcherCache)(0xc000c95040), (*watchersyncer.watcherCache)(0xc000c95110), (*watchersyncer.watcherCache)(0xc000c951e0), (*watchersyncer.watcherCache)(0xc000c952b0), (*watchersyncer.watcherCache)(0xc000c95380)}, results:(chan interface {})(0xc000434a10), numSynced:0, callbacks:(*dedupebuffer.DedupeBuffer)(0xc000bfe900), wgwc:(*sync.WaitGroup)(nil), wgws:(*sync.WaitGroup)(nil), cancel:(context.CancelFunc)(nil), watchRetryTimeout:600000000000}
[pod/calico-node-c2jhk/calico-node] 2026-07-12 14:55:55.322 [INFO][92] felix/daemon.go 592: Starting the datastore Syncer
[pod/calico-node-c2jhk/calico-node] 2026-07-12 14:55:55.322 [INFO][92] felix/watchersyncer.go 118: Start called
[pod/calico-node-c2jhk/calico-node] 2026-07-12 14:55:55.322 [INFO][92] felix/int_dataplane.go 2361: Started internal iptables dataplane driver loop
[pod/calico-node-c2jhk/calico-node] 2026-07-12 14:55:55.322 [INFO][92] felix/watchersyncer.go 158: Sending status update Status=wait-for-ready
[pod/calico-node-c2jhk/calico-node] 2026-07-12 14:55:55.323 [INFO][92] felix/watchersyncer.go 177: Starting main event processing loop
[pod/calico-node-c2jhk/calico-node] 2026-07-12 14:55:55.323 [INFO][92] felix/int_dataplane.go 2493: Will refresh IP sets on timer interval=1m30s
[pod/calico-node-c2jhk/calico-node] 2026-07-12 14:55:55.323 [INFO][92] felix/int_dataplane.go 2493: Will refresh routes on timer interval=1m30s
[pod/calico-node-c2jhk/calico-node] 2026-07-12 14:55:55.323 [INFO][92] felix/watchercache.go 243: Full resync is required ListRoot=".../ipam/v2/assignment/"
[pod/calico-node-c2jhk/calico-node] 2026-07-12 14:55:55.323 [INFO][92] felix/int_dataplane.go 2493: Will refresh XDP state on timer interval=1m30s
[pod/calico-node-c2jhk/calico-node] 2026-07-12 14:55:55.323 [INFO][92] felix/watchercache.go 243: Full resync is required ListRoot=".../v3/pc.org/stagednetworkpolicies"
[pod/calico-node-c2jhk/calico-node] 2026-07-12 14:55:55.323 [INFO][92] felix/watchercache.go 243: Full resync is required ListRoot=".../v3/pc.org/globalnetworksets"
[pod/calico-node-c2jhk/calico-node] 2026-07-12 14:55:55.323 [INFO][92] felix/watchercache.go 243: Full resync is required ListRoot=".../v3/pc.org/bgppeers"
[pod/calico-node-c2jhk/calico-node] 2026-07-12 14:55:55.323 [INFO][92] felix/watchercache.go 243: Full resync is required ListRoot=".../v3/pc.org/felixconfigurations"
[pod/calico-node-c2jhk/calico-node] 2026-07-12 14:55:55.323 [INFO][92] felix/watchercache.go 243: Full resync is required ListRoot=".../v3/pc.org/livemigrations"
[pod/calico-node-c2jhk/calico-node] 2026-07-12 14:55:55.323 [INFO][92] felix/watchercache.go 243: Full resync is required ListRoot=".../v3/pc.org/stagedglobalnetworkpolicies"
[pod/calico-node-c2jhk/calico-node] 2026-07-12 14:55:55.323 [INFO][92] felix/watchercache.go 243: Full resync is required ListRoot=".../v3/pc.org/kubernetesnetworkpolicies"
[pod/calico-node-c2jhk/calico-node] 2026-07-12 14:55:55.323 [INFO][92] felix/watchercache.go 243: Full resync is required ListRoot=".../v3/pc.org/stagedkubernetesnetworkpolicies"
[pod/calico-node-c2jhk/calico-node] 2026-07-12 14:55:55.323 [INFO][92] felix/watchercache.go 243: Full resync is required ListRoot=".../v3/pc.org/globalnetworkpolicies"
[pod/calico-node-c2jhk/calico-node] 2026-07-12 14:55:55.323 [INFO][92] felix/iface_monitor.go 137: Subscribed to netlink updates.
[pod/calico-node-c2jhk/calico-node] 2026-07-12 14:55:55.323 [INFO][92] felix/watchercache.go 243: Full resync is required ListRoot=".../v3/pc.org/clusterinformations"
[pod/calico-node-c2jhk/calico-node] 2026-07-12 14:55:55.323 [INFO][92] felix/watchercache.go 243: Full resync is required ListRoot=".../v3/pc.org/hostendpoints"
[pod/calico-node-c2jhk/calico-node] 2026-07-12 14:55:55.323 [INFO][92] felix/watchercache.go 243: Full resync is required ListRoot=".../v3/pc.org/networksets"
[pod/calico-node-c2jhk/calico-node] 2026-07-12 14:55:55.324 [INFO][92] felix/watchercache.go 243: Full resync is required ListRoot=".../v3/pc.org/tiers"
[pod/calico-node-c2jhk/calico-node] 2026-07-12 14:55:55.324 [INFO][92] felix/watchercache.go 243: Full resync is required ListRoot=".../v3/pc.org/bgpconfigurations"
[pod/calico-node-c2jhk/calico-node] 2026-07-12 14:55:55.324 [INFO][92] felix/watchercache.go 243: Full resync is required ListRoot=".../v3/pc.org/ippools"
[pod/calico-node-c2jhk/calico-node] 2026-07-12 14:55:55.324 [INFO][92] felix/watchercache.go 243: Full resync is required ListRoot=".../v3/pc.org/workloadendpoints"
[pod/calico-node-c2jhk/calico-node] 2026-07-12 14:55:55.324 [INFO][92] felix/watchercache.go 243: Full resync is required ListRoot=".../v3/pc.org/networkpolicies"
[pod/calico-node-c2jhk/calico-node] 2026-07-12 14:55:55.323 [INFO][92] felix/calc_graph.go 158: Creating calculation graph, filtered to hostname article3-performance-worker3
[pod/calico-node-c2jhk/calico-node] 2026-07-12 14:55:55.324 [INFO][92] felix/dispatcher.go 68: Registering listener for type model.WorkloadEndpointKey: (dispatcher.UpdateHandler)(0x2642060)
[pod/calico-node-c2jhk/calico-node] 2026-07-12 14:55:55.324 [INFO][92] felix/dispatcher.go 68: Registering listener for type model.HostEndpointKey: (dispatcher.UpdateHandler)(0x2642060)
[pod/calico-node-c2jhk/calico-node] 2026-07-12 14:55:55.324 [INFO][92] felix/dispatcher.go 68: Registering listener for type model.WorkloadEndpointKey: (dispatcher.UpdateHandler)(0x2642220)
[pod/calico-node-c2jhk/calico-node] 2026-07-12 14:55:55.324 [INFO][92] felix/dispatcher.go 68: Registering listener for type model.HostEndpointKey: (dispatcher.UpdateHandler)(0x2642220)
[pod/calico-node-c2jhk/calico-node] 2026-07-12 14:55:55.324 [INFO][92] felix/watchercache.go 243: Full resync is required ListRoot=".../v3/pc.org/kubernetesendpointslices"
[pod/calico-node-c2jhk/calico-node] 2026-07-12 14:55:55.324 [INFO][92] felix/dispatcher.go 68: Registering listener for type model.WorkloadEndpointKey: (dispatcher.UpdateHandler)(0x2642340)
[pod/calico-node-c2jhk/calico-node] 2026-07-12 14:55:55.324 [INFO][92] felix/dispatcher.go 68: Registering listener for type model.WorkloadEndpointKey: (dispatcher.UpdateHandler)(0x2644ce0)
[pod/calico-node-c2jhk/calico-node] 2026-07-12 14:55:55.324 [INFO][92] felix/dispatcher.go 68: Registering listener for type model.HostEndpointKey: (dispatcher.UpdateHandler)(0x2644ce0)
[pod/calico-node-c2jhk/calico-node] 2026-07-12 14:55:55.325 [INFO][92] felix/dispatcher.go 68: Registering listener for type model.PolicyKey: (dispatcher.UpdateHandler)(0x2644ce0)
[pod/calico-node-c2jhk/calico-node] 2026-07-12 14:55:55.325 [INFO][92] felix/dispatcher.go 68: Registering listener for type model.ProfileRulesKey: (dispatcher.UpdateHandler)(0x2644ce0)
[pod/calico-node-c2jhk/calico-node] 2026-07-12 14:55:55.325 [INFO][92] felix/dispatcher.go 68: Registering listener for type model.ResourceKey: (dispatcher.UpdateHandler)(0x2644ce0)
[pod/calico-node-c2jhk/calico-node] 2026-07-12 14:55:55.325 [INFO][92] felix/dispatcher.go 68: Registering listener for type model.TierKey: (dispatcher.UpdateHandler)(0x2644ce0)
[pod/calico-node-c2jhk/calico-node] 2026-07-12 14:55:55.325 [INFO][92] felix/dispatcher.go 68: Registering listener for type model.ResourceKey: (dispatcher.UpdateHandler)(0x235d720)
[pod/calico-node-c2jhk/calico-node] 2026-07-12 14:55:55.325 [INFO][92] felix/watchercache.go 243: Full resync is required ListRoot=".../v3/pc.org/kubernetesclusternetworkpolicies"
[pod/calico-node-c2jhk/calico-node] 2026-07-12 14:55:55.329 [INFO][92] felix/watchercache.go 243: Full resync is required ListRoot=".../v3/pc.org/nodes"
[pod/calico-node-c2jhk/calico-node] 2026-07-12 14:55:55.329 [INFO][92] felix/watchercache.go 243: Full resync is required ListRoot=".../v3/pc.org/kubernetesservice"
[pod/calico-node-c2jhk/calico-node] 2026-07-12 14:55:55.330 [INFO][92] felix/watchercache.go 243: Full resync is required ListRoot=".../v3/pc.org/profiles"
[pod/calico-node-c2jhk/calico-node] 2026-07-12 14:55:55.324 [INFO][92] felix/int_dataplane.go 1843: Linux interface state changed. ifIndex=1 ifaceName="lo" state="up"
[pod/calico-node-c2jhk/calico-node] 2026-07-12 14:55:55.330 [INFO][92] felix/dispatcher.go 68: Registering listener for type model.ResourceKey: (dispatcher.UpdateHandler)(0x234d380)
[pod/calico-node-c2jhk/calico-node] 2026-07-12 14:55:55.330 [INFO][92] felix/dispatcher.go 68: Registering listener for type model.WorkloadEndpointKey: (dispatcher.UpdateHandler)(0x234d380)
[pod/calico-node-c2jhk/calico-node] 2026-07-12 14:55:55.330 [INFO][92] felix/dispatcher.go 68: Registering listener for type model.HostEndpointKey: (dispatcher.UpdateHandler)(0x234d380)
[pod/calico-node-c2jhk/calico-node] 2026-07-12 14:55:55.330 [INFO][92] felix/watchercache.go 448: Sending synced update ListRoot=".../v3/pc.org/bgppeers"
[pod/calico-node-c2jhk/calico-node] 2026-07-12 14:55:55.330 [INFO][92] felix/dispatcher.go 68: Registering listener for type model.NetworkSetKey: (dispatcher.UpdateHandler)(0x234d380)
[pod/calico-node-c2jhk/calico-node] 2026-07-12 14:55:55.331 [INFO][92] felix/watchersyncer.go 243: Received InSync event from one of the watcher caches
[pod/calico-node-c2jhk/calico-node] 2026-07-12 14:55:55.332 [INFO][92] felix/watchersyncer.go 158: Sending status update Status=resync
[pod/calico-node-c2jhk/calico-node] 2026-07-12 14:55:55.333 [INFO][92] felix/int_dataplane.go 2582: Received interface update msg=&intdataplane.ifaceStateUpdate{Name:"lo", State:"up", Index:1}
[pod/calico-node-c2jhk/calico-node] 2026-07-12 14:55:55.331 [INFO][92] felix/dispatcher.go 68: Registering listener for type model.PolicyKey: (dispatcher.UpdateHandler)(0x2643c00)
[pod/calico-node-c2jhk/calico-node] 2026-07-12 14:55:55.336 [INFO][92] felix/dispatcher.go 68: Registering listener for type model.TierKey: (dispatcher.UpdateHandler)(0x2643c00)
[pod/calico-node-c2jhk/calico-node] 2026-07-12 14:55:55.336 [INFO][92] felix/dispatcher.go 68: Registering listener for type model.WorkloadEndpointKey: (dispatcher.UpdateHandler)(0x2643c00)
[pod/calico-node-c2jhk/calico-node] 2026-07-12 14:55:55.336 [INFO][92] felix/dispatcher.go 68: Registering listener for type model.HostEndpointKey: (dispatcher.UpdateHandler)(0x2643c00)
[pod/calico-node-c2jhk/calico-node] 2026-07-12 14:55:55.336 [INFO][92] felix/dispatcher.go 68: Registering listener for type model.ResourceKey: (dispatcher.UpdateHandler)(0x2642340)
[pod/calico-node-c2jhk/calico-node] 2026-07-12 14:55:55.336 [INFO][92] felix/int_dataplane.go 1919: Linux interface addrs changed. addrs=set.Set{127.0.0.1,::1,127.0.0.0} ifaceName="lo"
[pod/calico-node-c2jhk/calico-node] 2026-07-12 14:55:55.336 [INFO][92] felix/dispatcher.go 68: Registering listener for type model.WorkloadEndpointKey: (dispatcher.UpdateHandler)(0x2644fa0)
[pod/calico-node-c2jhk/calico-node] 2026-07-12 14:55:55.336 [INFO][92] felix/dispatcher.go 68: Registering listener for type model.ResourceKey: (dispatcher.UpdateHandler)(0x2644fa0)
[pod/calico-node-c2jhk/calico-node] 2026-07-12 14:55:55.336 [INFO][92] felix/int_dataplane.go 1843: Linux interface state changed. ifIndex=2 ifaceName="tunl0" state="down"
[pod/calico-node-c2jhk/calico-node] 2026-07-12 14:55:55.336 [INFO][92] felix/dispatcher.go 68: Registering listener for type model.HostIPKey: (dispatcher.UpdateHandler)(0x2644a80)
[pod/calico-node-c2jhk/calico-node] 2026-07-12 14:55:55.336 [INFO][92] felix/dispatcher.go 68: Registering listener for type model.IPPoolKey: (dispatcher.UpdateHandler)(0x2644a80)
[pod/calico-node-c2jhk/calico-node] 2026-07-12 14:55:55.336 [INFO][92] felix/dispatcher.go 68: Registering listener for type model.WireguardKey: (dispatcher.UpdateHandler)(0x2644a80)
[pod/calico-node-c2jhk/calico-node] 2026-07-12 14:55:55.337 [INFO][92] felix/int_dataplane.go 1919: Linux interface addrs changed. addrs=set.Set{} ifaceName="tunl0"
[pod/calico-node-c2jhk/calico-node] 2026-07-12 14:55:55.337 [INFO][92] felix/int_dataplane.go 2609: Received interface addresses update msg=&intdataplane.ifaceAddrsUpdate{Name:"lo", Addrs:set.Typed[string]{"127.0.0.0":set.v{}, "127.0.0.1":set.v{}, "::1":set.v{}}}
[pod/calico-node-c2jhk/calico-node] 2026-07-12 14:55:55.337 [INFO][92] felix/hostip_mgr.go 83: Interface addrs changed. update=&intdataplane.ifaceAddrsUpdate{Name:"lo", Addrs:set.Typed[string]{"127.0.0.0":set.v{}, "127.0.0.1":set.v{}, "::1":set.v{}}}
[pod/calico-node-c2jhk/calico-node] 2026-07-12 14:55:55.337 [INFO][92] felix/ipsets.go 179: Queueing IP set for creation family="inet" setID="this-host" setType="hash:ip"
[pod/calico-node-c2jhk/calico-node] 2026-07-12 14:55:55.337 [INFO][92] felix/int_dataplane.go 2582: Received interface update msg=&intdataplane.ifaceStateUpdate{Name:"tunl0", State:"down", Index:2}
[pod/calico-node-c2jhk/calico-node] 2026-07-12 14:55:55.337 [INFO][92] felix/int_dataplane.go 2609: Received interface addresses update msg=&intdataplane.ifaceAddrsUpdate{Name:"tunl0", Addrs:set.Typed[string]{}}
[pod/calico-node-c2jhk/calico-node] 2026-07-12 14:55:55.336 [INFO][92] felix/dispatcher.go 68: Registering listener for type model.ResourceKey: (dispatcher.UpdateHandler)(0x2644a80)
[pod/calico-node-c2jhk/calico-node] 2026-07-12 14:55:55.339 [INFO][92] felix/dispatcher.go 68: Registering listener for type model.GlobalConfigKey: (dispatcher.UpdateHandler)(0x2644000)
[pod/calico-node-c2jhk/calico-node] 2026-07-12 14:55:55.339 [INFO][92] felix/dispatcher.go 68: Registering listener for type model.HostConfigKey: (dispatcher.UpdateHandler)(0x2644000)
[pod/calico-node-c2jhk/calico-node] 2026-07-12 14:55:55.339 [INFO][92] felix/dispatcher.go 68: Registering listener for type model.ReadyFlagKey: (dispatcher.UpdateHandler)(0x2644000)
[pod/calico-node-c2jhk/calico-node] 2026-07-12 14:55:55.339 [INFO][92] felix/dispatcher.go 68: Registering listener for type model.ResourceKey: (dispatcher.UpdateHandler)(0x2644000)
[pod/calico-node-c2jhk/calico-node] 2026-07-12 14:55:55.339 [INFO][92] felix/dispatcher.go 68: Registering listener for type model.ResourceKey: (dispatcher.UpdateHandler)(0x2643ee0)
[pod/calico-node-c2jhk/calico-node] 2026-07-12 14:55:55.339 [INFO][92] felix/dispatcher.go 68: Registering listener for type model.WorkloadEndpointKey: (dispatcher.UpdateHandler)(0x2642060)
[pod/calico-node-c2jhk/calico-node] 2026-07-12 14:55:55.339 [INFO][92] felix/dispatcher.go 68: Registering listener for type model.HostEndpointKey: (dispatcher.UpdateHandler)(0x2642060)
[pod/calico-node-c2jhk/calico-node] 2026-07-12 14:55:55.339 [INFO][92] felix/dispatcher.go 68: Registering listener for type model.WorkloadEndpointKey: (dispatcher.UpdateHandler)(0x2641e60)
[pod/calico-node-c2jhk/calico-node] 2026-07-12 14:55:55.339 [INFO][92] felix/dispatcher.go 68: Registering listener for type model.HostEndpointKey: (dispatcher.UpdateHandler)(0x2641e60)
[pod/calico-node-c2jhk/calico-node] 2026-07-12 14:55:55.339 [INFO][92] felix/dispatcher.go 68: Registering listener for type model.IPPoolKey: (dispatcher.UpdateHandler)(0x2643d60)
[pod/calico-node-c2jhk/calico-node] 2026-07-12 14:55:55.339 [INFO][92] felix/watchercache.go 260: Backing API not installed, marking as in-sync and retrying later. ListRoot=".../v3/pc.org/livemigrations"
[pod/calico-node-c2jhk/calico-node] 2026-07-12 14:55:55.340 [INFO][92] felix/watchercache.go 448: Sending synced update ListRoot=".../v3/pc.org/livemigrations"
[pod/calico-node-c2jhk/calico-node] 2026-07-12 14:55:55.340 [INFO][92] felix/watchersyncer.go 243: Received InSync event from one of the watcher caches
[pod/calico-node-c2jhk/calico-node] 2026-07-12 14:55:55.340 [INFO][92] felix/watchercache.go 448: Sending synced update ListRoot=".../v3/pc.org/clusterinformations"
[pod/calico-node-c2jhk/calico-node] 2026-07-12 14:55:55.341 [INFO][92] felix/watchersyncer.go 243: Received InSync event from one of the watcher caches
[pod/calico-node-c2jhk/calico-node] 2026-07-12 14:55:55.339 [INFO][92] felix/dispatcher.go 68: Registering listener for type model.HostIPKey: (dispatcher.UpdateHandler)(0x2641c00)
[pod/calico-node-c2jhk/calico-node] 2026-07-12 14:55:55.341 [INFO][92] felix/dispatcher.go 68: Registering listener for type model.WorkloadEndpointKey: (dispatcher.UpdateHandler)(0x2641c00)
[pod/calico-node-c2jhk/calico-node] 2026-07-12 14:55:55.342 [INFO][92] felix/watchercache.go 448: Sending synced update ListRoot=".../v3/pc.org/kubernetesendpointslices"
[pod/calico-node-c2jhk/calico-node] 2026-07-12 14:55:55.343 [INFO][92] felix/watchersyncer.go 243: Received InSync event from one of the watcher caches
[pod/calico-node-c2jhk/calico-node] 2026-07-12 14:55:55.343 [INFO][92] felix/hostip_mgr.go 83: Interface addrs changed. update=&intdataplane.ifaceAddrsUpdate{Name:"tunl0", Addrs:set.Typed[string]{}}
[pod/calico-node-c2jhk/calico-node] 2026-07-12 14:55:55.343 [INFO][92] felix/ipsets.go 179: Queueing IP set for creation family="inet" setID="this-host" setType="hash:ip"
[pod/calico-node-c2jhk/calico-node] 2026-07-12 14:55:55.343 [INFO][92] felix/int_dataplane.go 1843: Linux interface state changed. ifIndex=3 ifaceName="eth0" state="up"
[pod/calico-node-c2jhk/calico-node] 2026-07-12 14:55:55.343 [INFO][92] felix/watchercache.go 448: Sending synced update ListRoot=".../v3/pc.org/bgpconfigurations"
[pod/calico-node-c2jhk/calico-node] 2026-07-12 14:55:55.343 [INFO][92] felix/watchersyncer.go 243: Received InSync event from one of the watcher caches
[pod/calico-node-c2jhk/calico-node] 2026-07-12 14:55:55.343 [INFO][92] felix/int_dataplane.go 1919: Linux interface addrs changed. addrs=set.Set{172.18.0.7,fc00:f853:ccd:e793::7,fe80::e01f:deff:feaf:63d} ifaceName="eth0"
[pod/calico-node-c2jhk/calico-node] 2026-07-12 14:55:55.343 [INFO][92] felix/watchercache.go 448: Sending synced update ListRoot=".../v3/pc.org/stagedglobalnetworkpolicies"
[pod/calico-node-c2jhk/calico-node] 2026-07-12 14:55:55.344 [INFO][92] felix/int_dataplane.go 2582: Received interface update msg=&intdataplane.ifaceStateUpdate{Name:"eth0", State:"up", Index:3}
[pod/calico-node-c2jhk/calico-node] 2026-07-12 14:55:55.344 [INFO][92] felix/watchercache.go 448: Sending synced update ListRoot=".../v3/pc.org/globalnetworksets"
[pod/calico-node-c2jhk/calico-node] 2026-07-12 14:55:55.344 [INFO][92] felix/int_dataplane.go 2609: Received interface addresses update msg=&intdataplane.ifaceAddrsUpdate{Name:"eth0", Addrs:set.Typed[string]{"172.18.0.7":set.v{}, "fc00:f853:ccd:e793::7":set.v{}, "fe80::e01f:deff:feaf:63d":set.v{}}}
[pod/calico-node-c2jhk/calico-node] 2026-07-12 14:55:55.344 [INFO][92] felix/hostip_mgr.go 83: Interface addrs changed. update=&intdataplane.ifaceAddrsUpdate{Name:"eth0", Addrs:set.Typed[string]{"172.18.0.7":set.v{}, "fc00:f853:ccd:e793::7":set.v{}, "fe80::e01f:deff:feaf:63d":set.v{}}}
[pod/calico-node-c2jhk/calico-node] 2026-07-12 14:55:55.344 [INFO][92] felix/watchersyncer.go 243: Received InSync event from one of the watcher caches
[pod/calico-node-c2jhk/calico-node] 2026-07-12 14:55:55.344 [INFO][92] felix/watchercache.go 448: Sending synced update ListRoot=".../v3/pc.org/felixconfigurations"
[pod/calico-node-c2jhk/calico-node] 2026-07-12 14:55:55.344 [INFO][92] felix/ipsets.go 179: Queueing IP set for creation family="inet" setID="this-host" setType="hash:ip"
[pod/calico-node-c2jhk/calico-node] 2026-07-12 14:55:55.344 [INFO][92] felix/int_dataplane.go 2576: Interface monitor now in sync.
[pod/calico-node-c2jhk/calico-node] 2026-07-12 14:55:55.344 [INFO][92] felix/watchersyncer.go 243: Received InSync event from one of the watcher caches
[pod/calico-node-c2jhk/calico-node] 2026-07-12 14:55:55.344 [INFO][92] felix/watchersyncer.go 243: Received InSync event from one of the watcher caches
[pod/calico-node-c2jhk/calico-node] 2026-07-12 14:55:55.344 [INFO][92] felix/watchercache.go 448: Sending synced update ListRoot=".../v3/pc.org/stagednetworkpolicies"
[pod/calico-node-c2jhk/calico-node] 2026-07-12 14:55:55.344 [INFO][92] felix/watchersyncer.go 243: Received InSync event from one of the watcher caches
[pod/calico-node-c2jhk/calico-node] 2026-07-12 14:55:55.344 [INFO][92] felix/watchercache.go 448: Sending synced update ListRoot=".../v3/pc.org/globalnetworkpolicies"
[pod/calico-node-c2jhk/calico-node] 2026-07-12 14:55:55.344 [INFO][92] felix/dispatcher.go 68: Registering listener for type model.HostEndpointKey: (dispatcher.UpdateHandler)(0x2641c00)
[pod/calico-node-c2jhk/calico-node] 2026-07-12 14:55:55.344 [INFO][92] felix/dispatcher.go 68: Registering listener for type model.HostConfigKey: (dispatcher.UpdateHandler)(0x2641c00)
[pod/calico-node-c2jhk/calico-node] 2026-07-12 14:55:55.344 [INFO][92] felix/async_calc_graph.go 256: Starting AsyncCalcGraph
[pod/calico-node-c2jhk/calico-node] 2026-07-12 14:55:55.344 [INFO][92] felix/daemon.go 702: Started the processing graph
[pod/calico-node-c2jhk/calico-node] 2026-07-12 14:55:55.345 [INFO][92] felix/daemon.go 728: Starting endpoint-status file-reporter path="/var/run/calico"
[pod/calico-node-c2jhk/calico-node] 2026-07-12 14:55:55.345 [INFO][92] felix/watchersyncer.go 243: Received InSync event from one of the watcher caches
[pod/calico-node-c2jhk/calico-node] 2026-07-12 14:55:55.345 [INFO][92] felix/status_file_reporter.go 151: Endpoint status file reporter running.
[pod/calico-node-c2jhk/calico-node] 2026-07-12 14:55:55.345 [INFO][92] felix/daemon.go 1243: Reading from dataplane driver pipe...
[pod/calico-node-c2jhk/calico-node] 2026-07-12 14:55:55.345 [INFO][92] felix/watchercache.go 448: Sending synced update ListRoot=".../v3/pc.org/ippools"
[pod/calico-node-c2jhk/calico-node] 2026-07-12 14:55:55.345 [INFO][92] felix/async_calc_graph.go 137: AsyncCalcGraph running
[pod/calico-node-c2jhk/calico-node] 2026-07-12 14:55:55.346 [INFO][92] felix/watchersyncer.go 243: Received InSync event from one of the watcher caches
[pod/calico-node-c2jhk/calico-node] 2026-07-12 14:55:55.346 [INFO][92] felix/config_batcher.go 101: Global config update: {{GlobalFelixConfig(name=ClusterGUID) 8ccb8407339f4e4cb420b205f4e95bb6 1563 <nil> 0s} new}
[pod/calico-node-c2jhk/calico-node] 2026-07-12 14:55:55.346 [INFO][92] felix/config_batcher.go 101: Global config update: {{GlobalFelixConfig(name=ClusterType) k8s,bgp,kubeadm,kdd 1563 <nil> 0s} new}
[pod/calico-node-c2jhk/calico-node] 2026-07-12 14:55:55.346 [INFO][92] felix/config_batcher.go 101: Global config update: {{GlobalFelixConfig(name=CalicoVersion) v3.32.1 1563 <nil> 0s} new}
[pod/calico-node-c2jhk/calico-node] 2026-07-12 14:55:55.346 [INFO][92] felix/watchercache.go 448: Sending synced update ListRoot=".../v3/pc.org/networksets"
[pod/calico-node-c2jhk/calico-node] 2026-07-12 14:55:55.346 [INFO][92] felix/watchersyncer.go 243: Received InSync event from one of the watcher caches
[pod/calico-node-c2jhk/calico-node] 2026-07-12 14:55:55.346 [INFO][92] felix/watchercache.go 448: Sending synced update ListRoot=".../v3/pc.org/stagedkubernetesnetworkpolicies"
[pod/calico-node-c2jhk/calico-node] 2026-07-12 14:55:55.346 [INFO][92] felix/watchersyncer.go 243: Received InSync event from one of the watcher caches
[pod/calico-node-c2jhk/calico-node] 2026-07-12 14:55:55.346 [INFO][92] felix/watchercache.go 448: Sending synced update ListRoot=".../v3/pc.org/hostendpoints"
[pod/calico-node-c2jhk/calico-node] 2026-07-12 14:55:55.345 [INFO][92] felix/daemon.go 1517: Configuration update from calculation graph. configBySource=map[string]map[string]string{"config file":map[string]string{"LogFilePath":"None", "LogSeverityFile":"None", "LogSeveritySys":"None", "MetadataAddr":"None"}, "datastore (global)":map[string]string{"BPFConnectTimeLoadBalancing":"TCP", "BPFHostNetworkedNATWithoutCTLB":"Enabled", "CalicoVersion":"v3.32.1", "ClusterGUID":"8ccb8407339f4e4cb420b205f4e95bb6", "ClusterType":"k8s,bgp,kubeadm,kdd", "FloatingIPs":"Disabled", "LogSeverityScreen":"Info", "NFTablesMode":"Auto", "ReportingIntervalSecs":"0"}, "datastore (per-host)":map[string]string{"IpInIpTunnelAddr":"192.168.8.64"}, "datastore (per-node-selector)":map[string]string{}, "environment variable":map[string]string{"datastoretype":"kubernetes", "defaultendpointtohostaction":"ACCEPT", "felixhostname":"article3-performance-worker3", "healthenabled":"true", "ipinipmtu":"0", "ipv6support":"false", "vxlanmtu":"0", "wireguardmtu":"0"}} configUpdate=config:{key:"BPFConnectTimeLoadBalancing"  value:"TCP"}  config:{key:"BPFHostNetworkedNATWithoutCTLB"  value:"Enabled"}  config:{key:"CalicoVersion"  value:"v3.32.1"}  config:{key:"ClusterGUID"  value:"8ccb8407339f4e4cb420b205f4e95bb6"}  config:{key:"ClusterType"  value:"k8s,bgp,kubeadm,kdd"}  config:{key:"DatastoreType"  value:"kubernetes"}  config:{key:"DefaultEndpointToHostAction"  value:"ACCEPT"}  config:{key:"FelixHostname"  value:"article3-performance-worker3"}  config:{key:"FloatingIPs"  value:"Disabled"}  config:{key:"HealthEnabled"  value:"true"}  config:{key:"IpInIpMtu"  value:"0"}  config:{key:"IpInIpTunnelAddr"  value:"192.168.8.64"}  config:{key:"Ipv6Support"  value:"false"}  config:{key:"LogFilePath"  value:"None"}  config:{key:"LogSeverityFile"  value:"None"}  config:{key:"LogSeverityScreen"  value:"Info"}  config:{key:"LogSeveritySys"  value:"None"}  config:{key:"MetadataAddr"  value:"None"}  config:{key:"NFTablesMode"  value:"Auto"}  config:{key:"ReportingIntervalSecs"  value:"0"}  config:{key:"VXLANMTU"  value:"0"}  config:{key:"WireguardMTU"  value:"0"}  source_to_raw_config:{key:1  value:{source:"datastore (global)"  config:{key:"BPFConnectTimeLoadBalancing"  value:"TCP"}  config:{key:"BPFHostNetworkedNATWithoutCTLB"  value:"Enabled"}  config:{key:"CalicoVersion"  value:"v3.32.1"}  config:{key:"ClusterGUID"  value:"8ccb8407339f4e4cb420b205f4e95bb6"}  config:{key:"ClusterType"  value:"k8s,bgp,kubeadm,kdd"}  config:{key:"FloatingIPs"  value:"Disabled"}  config:{key:"LogSeverityScreen"  value:"Info"}  config:{key:"NFTablesMode"  value:"Auto"}  config:{key:"ReportingIntervalSecs"  value:"0"}}}  source_to_raw_config:{key:2  value:{source:"datastore (per-node-selector)"}}  source_to_raw_config:{key:3  value:{source:"datastore (per-host)"  config:{key:"IpInIpTunnelAddr"  value:"192.168.8.64"}}}  source_to_raw_config:{key:4  value:{source:"config file"  config:{key:"LogFilePath"  value:"None"}  config:{key:"LogSeverityFile"  value:"None"}  config:{key:"LogSeveritySys"  value:"None"}  config:{key:"MetadataAddr"  value:"None"}}}  source_to_raw_config:{key:5  value:{source:"environment variable"  config:{key:"datastoretype"  value:"kubernetes"}  config:{key:"defaultendpointtohostaction"  value:"ACCEPT"}  config:{key:"felixhostname"  value:"article3-performance-worker3"}  config:{key:"healthenabled"  value:"true"}  config:{key:"ipinipmtu"  value:"0"}  config:{key:"ipv6support"  value:"false"}  config:{key:"vxlanmtu"  value:"0"}  config:{key:"wireguardmtu"  value:"0"}}}
[pod/calico-node-c2jhk/calico-node] 2026-07-12 14:55:55.347 [INFO][92] felix/config_params.go 797: Parsing value for IpInIpMtu: 0 (from environment variable)
[pod/calico-node-c2jhk/calico-node] 2026-07-12 14:55:55.347 [INFO][92] felix/config_params.go 833: Parsed value for IpInIpMtu: 0 (from environment variable)
[pod/calico-node-c2jhk/calico-node] 2026-07-12 14:55:55.347 [INFO][92] felix/config_params.go 797: Parsing value for DatastoreType: kubernetes (from environment variable)
[pod/calico-node-c2jhk/calico-node] 2026-07-12 14:55:55.347 [INFO][92] felix/config_params.go 833: Parsed value for DatastoreType: kubernetes (from environment variable)
[pod/calico-node-c2jhk/calico-node] 2026-07-12 14:55:55.347 [INFO][92] felix/config_params.go 797: Parsing value for Ipv6Support: false (from environment variable)
[pod/calico-node-c2jhk/calico-node] 2026-07-12 14:55:55.347 [INFO][92] felix/config_params.go 833: Parsed value for Ipv6Support: false (from environment variable)
[pod/calico-node-c2jhk/calico-node] 2026-07-12 14:55:55.347 [INFO][92] felix/watchercache.go 448: Sending synced update ListRoot=".../ipam/v2/assignment/"
[pod/calico-node-c2jhk/calico-node] 2026-07-12 14:55:55.347 [INFO][92] felix/config_params.go 797: Parsing value for DefaultEndpointToHostAction: ACCEPT (from environment variable)
[pod/calico-node-c2jhk/calico-node] 2026-07-12 14:55:55.347 [INFO][92] felix/watchersyncer.go 243: Received InSync event from one of the watcher caches
[pod/calico-node-c2jhk/calico-node] 2026-07-12 14:55:55.347 [INFO][92] felix/watchersyncer.go 243: Received InSync event from one of the watcher caches
[pod/calico-node-c2jhk/calico-node] 2026-07-12 14:55:55.347 [INFO][92] felix/config_params.go 833: Parsed value for DefaultEndpointToHostAction: ACCEPT (from environment variable)
[pod/calico-node-c2jhk/calico-node] 2026-07-12 14:55:55.347 [INFO][92] felix/config_params.go 797: Parsing value for WireguardMTU: 0 (from environment variable)
[pod/calico-node-c2jhk/calico-node] 2026-07-12 14:55:55.347 [INFO][92] felix/config_params.go 833: Parsed value for WireguardMTU: 0 (from environment variable)
[pod/calico-node-c2jhk/calico-node] 2026-07-12 14:55:55.347 [INFO][92] felix/config_params.go 797: Parsing value for FelixHostname: article3-performance-worker3 (from environment variable)
[pod/calico-node-c2jhk/calico-node] 2026-07-12 14:55:55.347 [INFO][92] felix/config_params.go 833: Parsed value for FelixHostname: article3-performance-worker3 (from environment variable)
[pod/calico-node-c2jhk/calico-node] 2026-07-12 14:55:55.347 [INFO][92] felix/config_params.go 797: Parsing value for VXLANMTU: 0 (from environment variable)
[pod/calico-node-c2jhk/calico-node] 2026-07-12 14:55:55.347 [INFO][92] felix/config_params.go 833: Parsed value for VXLANMTU: 0 (from environment variable)
[pod/calico-node-c2jhk/calico-node] 2026-07-12 14:55:55.347 [INFO][92] felix/config_params.go 797: Parsing value for HealthEnabled: true (from environment variable)
[pod/calico-node-c2jhk/calico-node] 2026-07-12 14:55:55.347 [INFO][92] felix/config_params.go 833: Parsed value for HealthEnabled: true (from environment variable)
[pod/calico-node-c2jhk/calico-node] 2026-07-12 14:55:55.347 [INFO][92] felix/config_params.go 797: Parsing value for LogSeveritySys: None (from config file)
[pod/calico-node-c2jhk/calico-node] 2026-07-12 14:55:55.347 [INFO][92] felix/config_params.go 814: Value set to 'none', replacing with zero-value: "".
[pod/calico-node-c2jhk/calico-node] 2026-07-12 14:55:55.347 [INFO][92] felix/watchercache.go 448: Sending synced update ListRoot=".../v3/pc.org/networkpolicies"
[pod/calico-node-c2jhk/calico-node] 2026-07-12 14:55:55.347 [INFO][92] felix/daemon.go 843: No driver process to monitor
[pod/calico-node-c2jhk/calico-node] 2026-07-12 14:55:55.347 [INFO][92] felix/config_params.go 833: Parsed value for LogSeveritySys:  (from config file)
[pod/calico-node-c2jhk/calico-node] 2026-07-12 14:55:55.347 [INFO][92] felix/config_params.go 797: Parsing value for MetadataAddr: None (from config file)
[pod/calico-node-c2jhk/calico-node] 2026-07-12 14:55:55.347 [INFO][92] felix/config_params.go 814: Value set to 'none', replacing with zero-value: "".
[pod/calico-node-c2jhk/calico-node] 2026-07-12 14:55:55.348 [INFO][92] felix/config_params.go 833: Parsed value for MetadataAddr:  (from config file)
[pod/calico-node-c2jhk/calico-node] 2026-07-12 14:55:55.348 [INFO][92] felix/config_params.go 797: Parsing value for LogFilePath: None (from config file)
[pod/calico-node-c2jhk/calico-node] 2026-07-12 14:55:55.348 [INFO][92] felix/watchersyncer.go 243: Received InSync event from one of the watcher caches
[pod/calico-node-c2jhk/calico-node] 2026-07-12 14:55:55.348 [INFO][92] felix/config_params.go 814: Value set to 'none', replacing with zero-value: "".
[pod/calico-node-c2jhk/calico-node] 2026-07-12 14:55:55.348 [INFO][92] felix/config_params.go 833: Parsed value for LogFilePath:  (from config file)
[pod/calico-node-c2jhk/calico-node] 2026-07-12 14:55:55.348 [INFO][92] felix/config_params.go 797: Parsing value for LogSeverityFile: None (from config file)
[pod/calico-node-c2jhk/calico-node] 2026-07-12 14:55:55.348 [INFO][92] felix/config_params.go 814: Value set to 'none', replacing with zero-value: "".
[pod/calico-node-c2jhk/calico-node] 2026-07-12 14:55:55.348 [INFO][92] felix/config_params.go 833: Parsed value for LogSeverityFile:  (from config file)
[pod/calico-node-c2jhk/calico-node] 2026-07-12 14:55:55.348 [INFO][92] felix/config_params.go 797: Parsing value for IpInIpTunnelAddr: 192.168.8.64 (from datastore (per-host))
[pod/calico-node-c2jhk/calico-node] 2026-07-12 14:55:55.348 [INFO][92] felix/config_params.go 833: Parsed value for IpInIpTunnelAddr: 192.168.8.64 (from datastore (per-host))
[pod/calico-node-c2jhk/calico-node] 2026-07-12 14:55:55.348 [INFO][92] felix/config_params.go 797: Parsing value for BPFConnectTimeLoadBalancing: TCP (from datastore (global))
[pod/calico-node-c2jhk/calico-node] 2026-07-12 14:55:55.348 [INFO][92] felix/config_params.go 833: Parsed value for BPFConnectTimeLoadBalancing: TCP (from datastore (global))
[pod/calico-node-c2jhk/calico-node] 2026-07-12 14:55:55.348 [INFO][92] felix/config_params.go 797: Parsing value for ClusterGUID: 8ccb8407339f4e4cb420b205f4e95bb6 (from datastore (global))
[pod/calico-node-c2jhk/calico-node] 2026-07-12 14:55:55.348 [INFO][92] felix/config_params.go 833: Parsed value for ClusterGUID: 8ccb8407339f4e4cb420b205f4e95bb6 (from datastore (global))
[pod/calico-node-c2jhk/calico-node] 2026-07-12 14:55:55.348 [INFO][92] felix/config_params.go 797: Parsing value for ClusterType: k8s,bgp,kubeadm,kdd (from datastore (global))
[pod/calico-node-c2jhk/calico-node] 2026-07-12 14:55:55.348 [INFO][92] felix/config_params.go 833: Parsed value for ClusterType: k8s,bgp,kubeadm,kdd (from datastore (global))
[pod/calico-node-c2jhk/calico-node] 2026-07-12 14:55:55.348 [INFO][92] felix/config_params.go 797: Parsing value for FloatingIPs: Disabled (from datastore (global))
[pod/calico-node-c2jhk/calico-node] 2026-07-12 14:55:55.348 [INFO][92] felix/config_params.go 833: Parsed value for FloatingIPs: Disabled (from datastore (global))
[pod/calico-node-c2jhk/calico-node] 2026-07-12 14:55:55.348 [INFO][92] felix/config_params.go 797: Parsing value for LogSeverityScreen: Info (from datastore (global))
[pod/calico-node-c2jhk/calico-node] 2026-07-12 14:55:55.348 [INFO][92] felix/config_params.go 833: Parsed value for LogSeverityScreen: INFO (from datastore (global))
[pod/calico-node-c2jhk/calico-node] 2026-07-12 14:55:55.348 [INFO][92] felix/config_params.go 797: Parsing value for BPFHostNetworkedNATWithoutCTLB: Enabled (from datastore (global))
[pod/calico-node-c2jhk/calico-node] 2026-07-12 14:55:55.348 [INFO][92] felix/config_params.go 833: Parsed value for BPFHostNetworkedNATWithoutCTLB: Enabled (from datastore (global))
[pod/calico-node-c2jhk/calico-node] 2026-07-12 14:55:55.348 [INFO][92] felix/config_params.go 797: Parsing value for NFTablesMode: Auto (from datastore (global))
[pod/calico-node-c2jhk/calico-node] 2026-07-12 14:55:55.348 [INFO][92] felix/config_params.go 833: Parsed value for NFTablesMode: Auto (from datastore (global))
[pod/calico-node-c2jhk/calico-node] 2026-07-12 14:55:55.348 [INFO][92] felix/config_params.go 797: Parsing value for CalicoVersion: v3.32.1 (from datastore (global))
[pod/calico-node-c2jhk/calico-node] 2026-07-12 14:55:55.348 [INFO][92] felix/config_params.go 833: Parsed value for CalicoVersion: v3.32.1 (from datastore (global))
[pod/calico-node-c2jhk/calico-node] 2026-07-12 14:55:55.348 [INFO][92] felix/config_params.go 797: Parsing value for ReportingIntervalSecs: 0 (from datastore (global))
[pod/calico-node-c2jhk/calico-node] 2026-07-12 14:55:55.348 [INFO][92] felix/config_params.go 833: Parsed value for ReportingIntervalSecs: 0s (from datastore (global))
[pod/calico-node-c2jhk/calico-node] 2026-07-12 14:55:55.348 [INFO][92] felix/int_dataplane.go 2514: Received *proto.ConfigUpdate update from calculation graph. msg=config:{key:"BPFConnectTimeLoadBalancing"  value:"TCP"}  config:{key:"BPFHostNetworkedNATWithoutCTLB"  value:"Enabled"}  config:{key:"CalicoVersion"  value:"v3.32.1"}  config:{key:"ClusterGUID"  value:"8ccb8407339f4e4cb420b205f4e95bb6"}  config:{key:"ClusterType"  value:"k8s,bgp,kubeadm,kdd"}  config:{key:"DatastoreType"  value:"kubernetes"}  config:{key:"DefaultEndpointToHostAction"  value:"ACCEPT"}  config:{key:"FelixHostname"  value:"article3-performance-worker3"}  config:{key:"FloatingIPs"  value:"Disabled"}  config:{key:"HealthEnabled"  value:"true"}  config:{key:"IpInIpMtu"  value:"0"}  config:{key:"IpInIpTunnelAddr"  value:"192.168.8.64"}  config:{key:"Ipv6Support"  value:"false"}  config:{key:"LogFilePath"  value:"None"}  config:{key:"LogSeverityFile"  value:"None"}  config:{key:"LogSeverityScreen"  value:"Info"}  config:{key:"LogSeveritySys"  value:"None"}  config:{key:"MetadataAddr"  value:"None"}  config:{key:"NFTablesMode"  value:"Auto"}  config:{key:"ReportingIntervalSecs"  value:"0"}  config:{key:"VXLANMTU"  value:"0"}  config:{key:"WireguardMTU"  value:"0"}  source_to_raw_config:{key:1  value:{source:"datastore (global)"  config:{key:"BPFConnectTimeLoadBalancing"  value:"TCP"}  config:{key:"BPFHostNetworkedNATWithoutCTLB"  value:"Enabled"}  config:{key:"CalicoVersion"  value:"v3.32.1"}  config:{key:"ClusterGUID"  value:"8ccb8407339f4e4cb420b205f4e95bb6"}  config:{key:"ClusterType"  value:"k8s,bgp,kubeadm,kdd"}  config:{key:"FloatingIPs"  value:"Disabled"}  config:{key:"LogSeverityScreen"  value:"Info"}  config:{key:"NFTablesMode"  value:"Auto"}  config:{key:"ReportingIntervalSecs"  value:"0"}}}  source_to_raw_config:{key:2  value:{source:"datastore (per-node-selector)"}}  source_to_raw_config:{key:3  value:{source:"datastore (per-host)"  config:{key:"IpInIpTunnelAddr"  value:"192.168.8.64"}}}  source_to_raw_config:{key:4  value:{source:"config file"  config:{key:"LogFilePath"  value:"None"}  config:{key:"LogSeverityFile"  value:"None"}  config:{key:"LogSeveritySys"  value:"None"}  config:{key:"MetadataAddr"  value:"None"}}}  source_to_raw_config:{key:5  value:{source:"environment variable"  config:{key:"datastoretype"  value:"kubernetes"}  config:{key:"defaultendpointtohostaction"  value:"ACCEPT"}  config:{key:"felixhostname"  value:"article3-performance-worker3"}  config:{key:"healthenabled"  value:"true"}  config:{key:"ipinipmtu"  value:"0"}  config:{key:"ipv6support"  value:"false"}  config:{key:"vxlanmtu"  value:"0"}  config:{key:"wireguardmtu"  value:"0"}}}
[pod/calico-node-c2jhk/calico-node] 2026-07-12 14:55:55.349 [INFO][92] felix/watchercache.go 448: Sending synced update ListRoot=".../v3/pc.org/nodes"
[pod/calico-node-c2jhk/calico-node] 2026-07-12 14:55:55.349 [INFO][92] felix/watchersyncer.go 243: Received InSync event from one of the watcher caches
[pod/calico-node-c2jhk/calico-node] 2026-07-12 14:55:55.349 [INFO][92] felix/config_batcher.go 101: Global config update: {{GlobalFelixConfig(name=LogSeverityScreen) Info 1571 <nil> 0s} new}
[pod/calico-node-c2jhk/calico-node] 2026-07-12 14:55:55.350 [INFO][92] felix/config_batcher.go 101: Global config update: {{GlobalFelixConfig(name=ReportingIntervalSecs) 0 1571 <nil> 0s} new}
[pod/calico-node-c2jhk/calico-node] 2026-07-12 14:55:55.350 [INFO][92] felix/config_batcher.go 101: Global config update: {{GlobalFelixConfig(name=NFTablesMode) Auto 1571 <nil> 0s} new}
[pod/calico-node-c2jhk/calico-node] 2026-07-12 14:55:55.350 [INFO][92] felix/config_batcher.go 101: Global config update: {{GlobalFelixConfig(name=BPFConnectTimeLoadBalancing) TCP 1571 <nil> 0s} new}
[pod/calico-node-c2jhk/calico-node] 2026-07-12 14:55:55.350 [INFO][92] felix/config_batcher.go 101: Global config update: {{GlobalFelixConfig(name=BPFHostNetworkedNATWithoutCTLB) Enabled 1571 <nil> 0s} new}
[pod/calico-node-c2jhk/calico-node] 2026-07-12 14:55:55.350 [INFO][92] felix/config_batcher.go 101: Global config update: {{GlobalFelixConfig(name=FloatingIPs) Disabled 1571 <nil> 0s} new}
[pod/calico-node-c2jhk/calico-node] 2026-07-12 14:55:55.350 [INFO][92] felix/config_batcher.go 88: Host config update for this host: {{HostConfig(node=article3-performance-worker3,name=IpInIpTunnelAddr) 192.168.8.64 1620 <nil> 0s} new}
[pod/calico-node-c2jhk/calico-node] 2026-07-12 14:55:55.350 [INFO][92] felix/active_bpgpeer_calculator.go 148: Labels of the local host updated. new=map[string]string{"beta.kubernetes.io/arch":"amd64", "beta.kubernetes.io/os":"linux", "kubernetes.io/arch":"amd64", "kubernetes.io/hostname":"article3-performance-worker3", "kubernetes.io/os":"linux"} old=map[string]string{}
[pod/calico-node-c2jhk/calico-node] 2026-07-12 14:55:55.350 [INFO][92] felix/config_batcher.go 225: Local node labels changed labels=map[string]string{"beta.kubernetes.io/arch":"amd64", "beta.kubernetes.io/os":"linux", "kubernetes.io/arch":"amd64", "kubernetes.io/hostname":"article3-performance-worker3", "kubernetes.io/os":"linux"}
[pod/calico-node-c2jhk/calico-node] 2026-07-12 14:55:55.355 [INFO][92] felix/watchercache.go 448: Sending synced update ListRoot=".../v3/pc.org/kubernetesnetworkpolicies"
[pod/calico-node-c2jhk/calico-node] 2026-07-12 14:55:55.355 [INFO][92] felix/watchersyncer.go 243: Received InSync event from one of the watcher caches
[pod/calico-node-c2jhk/calico-node] 2026-07-12 14:55:55.355 [INFO][92] felix/watchercache.go 448: Sending synced update ListRoot=".../v3/pc.org/kubernetesclusternetworkpolicies"
[pod/calico-node-c2jhk/calico-node] 2026-07-12 14:55:55.356 [INFO][92] felix/watchersyncer.go 243: Received InSync event from one of the watcher caches
[pod/calico-node-c2jhk/calico-node] 2026-07-12 14:55:55.356 [INFO][92] felix/watchercache.go 448: Sending synced update ListRoot=".../v3/pc.org/tiers"
[pod/calico-node-c2jhk/calico-node] 2026-07-12 14:55:55.356 [INFO][92] felix/watchersyncer.go 243: Received InSync event from one of the watcher caches
[pod/calico-node-c2jhk/calico-node] 2026-07-12 14:55:55.366 [INFO][92] felix/int_dataplane.go 2514: Received *proto.HostMetadataUpdate update from calculation graph. msg=hostname:"article3-performance-control-plane"  ipv4_addr:"172.18.0.6"
[pod/calico-node-c2jhk/calico-node] 2026-07-12 14:55:55.366 [INFO][92] felix/int_dataplane.go 2514: Received *proto.HostMetadataUpdate update from calculation graph. msg=hostname:"article3-performance-worker"  ipv4_addr:"172.18.0.5"
[pod/calico-node-c2jhk/calico-node] 2026-07-12 14:55:55.366 [INFO][92] felix/int_dataplane.go 2514: Received *proto.HostMetadataUpdate update from calculation graph. msg=hostname:"article3-performance-worker2"  ipv4_addr:"172.18.0.8"
[pod/calico-node-c2jhk/calico-node] 2026-07-12 14:55:55.366 [INFO][92] felix/int_dataplane.go 2514: Received *proto.HostMetadataUpdate update from calculation graph. msg=hostname:"article3-performance-worker3"  ipv4_addr:"172.18.0.7"
[pod/calico-node-c2jhk/calico-node] 2026-07-12 14:55:55.367 [INFO][92] felix/int_dataplane.go 2514: Received *proto.HostMetadataV4V6Update update from calculation graph. msg=hostname:"article3-performance-control-plane"  ipv4_addr:"172.18.0.6/16"  labels:{key:"beta.kubernetes.io/arch"  value:"amd64"}  labels:{key:"beta.kubernetes.io/os"  value:"linux"}  labels:{key:"kubernetes.io/arch"  value:"amd64"}  labels:{key:"kubernetes.io/hostname"  value:"article3-performance-control-plane"}  labels:{key:"kubernetes.io/os"  value:"linux"}  labels:{key:"node-role.kubernetes.io/control-plane"  value:""}  labels:{key:"node.kubernetes.io/exclude-from-external-load-balancers"  value:""}
[pod/calico-node-c2jhk/calico-node] 2026-07-12 14:55:55.367 [INFO][92] felix/int_dataplane.go 2514: Received *proto.HostMetadataV4V6Update update from calculation graph. msg=hostname:"article3-performance-worker"  ipv4_addr:"172.18.0.5/16"  labels:{key:"beta.kubernetes.io/arch"  value:"amd64"}  labels:{key:"beta.kubernetes.io/os"  value:"linux"}  labels:{key:"kubernetes.io/arch"  value:"amd64"}  labels:{key:"kubernetes.io/hostname"  value:"article3-performance-worker"}  labels:{key:"kubernetes.io/os"  value:"linux"}
[pod/calico-node-c2jhk/calico-node] 2026-07-12 14:55:55.367 [INFO][92] felix/int_dataplane.go 2514: Received *proto.HostMetadataV4V6Update update from calculation graph. msg=hostname:"article3-performance-worker2"  ipv4_addr:"172.18.0.8/16"  labels:{key:"beta.kubernetes.io/arch"  value:"amd64"}  labels:{key:"beta.kubernetes.io/os"  value:"linux"}  labels:{key:"kubernetes.io/arch"  value:"amd64"}  labels:{key:"kubernetes.io/hostname"  value:"article3-performance-worker2"}  labels:{key:"kubernetes.io/os"  value:"linux"}
[pod/calico-node-c2jhk/calico-node] 2026-07-12 14:55:55.367 [INFO][92] felix/int_dataplane.go 2514: Received *proto.HostMetadataV4V6Update update from calculation graph. msg=hostname:"article3-performance-worker3"  ipv4_addr:"172.18.0.7/16"  labels:{key:"beta.kubernetes.io/arch"  value:"amd64"}  labels:{key:"beta.kubernetes.io/os"  value:"linux"}  labels:{key:"kubernetes.io/arch"  value:"amd64"}  labels:{key:"kubernetes.io/hostname"  value:"article3-performance-worker3"}  labels:{key:"kubernetes.io/os"  value:"linux"}
[pod/calico-node-c2jhk/calico-node] 2026-07-12 14:55:55.368 [INFO][92] felix/int_dataplane.go 2514: Received *proto.IPAMPoolUpdate update from calculation graph. msg=id:"192.168.0.0-16"  pool:{cidr:"192.168.0.0/16"  masquerade:true  ipip_mode:"always"  allowed_uses:"Workload"  allowed_uses:"Tunnel"}
[pod/calico-node-c2jhk/calico-node] 2026-07-12 14:55:55.368 [INFO][92] felix/int_dataplane.go 2514: Received *proto.GlobalBGPConfigUpdate update from calculation graph. msg=
[pod/calico-node-c2jhk/calico-node] 2026-07-12 14:55:55.368 [INFO][92] felix/route_mgr.go 687: Assigning address to tunnel device address=192.168.8.64/32 ipVersion=0x4 tunnelDevice="tunl0"
[pod/calico-node-c2jhk/calico-node] 2026-07-12 14:55:55.369 [INFO][92] felix/watchercache.go 448: Sending synced update ListRoot=".../v3/pc.org/profiles"
[pod/calico-node-c2jhk/calico-node] 2026-07-12 14:55:55.369 [INFO][92] felix/route_mgr.go 639: Tunnel wasn't admin up, enabling it flags=0 ipVersion=0x4 mtu=1480 tunnelAddr="192.168.8.64" tunnelDevice="tunl0"
[pod/calico-node-c2jhk/calico-node] 2026-07-12 14:55:55.370 [INFO][92] felix/watchersyncer.go 243: Received InSync event from one of the watcher caches
[pod/calico-node-c2jhk/calico-node] 2026-07-12 14:55:55.370 [INFO][92] felix/route_mgr.go 644: Set tunnel admin up ipVersion=0x4 mtu=1480 tunnelAddr="192.168.8.64" tunnelDevice="tunl0"
[pod/calico-node-c2jhk/calico-node] 2026-07-12 14:55:55.370 [INFO][92] felix/route_mgr.go 530: parent device changed from "" to "eth0" ipVersion=0x4 tunnelDevice="tunl0"
[pod/calico-node-c2jhk/calico-node] 2026-07-12 14:55:55.370 [INFO][92] felix/route_mgr.go 543: Tunnel device configured ipVersion=0x4 tunnelDevice="tunl0"
[pod/calico-node-c2jhk/calico-node] 2026-07-12 14:55:55.372 [INFO][92] felix/watchercache.go 448: Sending synced update ListRoot=".../v3/pc.org/kubernetesservice"
[pod/calico-node-c2jhk/calico-node] 2026-07-12 14:55:55.372 [INFO][92] felix/int_dataplane.go 1843: Linux interface state changed. ifIndex=2 ifaceName="tunl0" state="up"
[pod/calico-node-c2jhk/calico-node] 2026-07-12 14:55:55.372 [INFO][92] felix/watchersyncer.go 243: Received InSync event from one of the watcher caches
[pod/calico-node-c2jhk/calico-node] 2026-07-12 14:55:55.373 [INFO][92] felix/int_dataplane.go 2582: Received interface update msg=&intdataplane.ifaceStateUpdate{Name:"tunl0", State:"up", Index:2}
[pod/calico-node-c2jhk/calico-node] 2026-07-12 14:55:55.377 [INFO][92] felix/int_dataplane.go 1919: Linux interface addrs changed. addrs=set.Set{192.168.8.64} ifaceName="tunl0"
[pod/calico-node-c2jhk/calico-node] 2026-07-12 14:55:55.377 [INFO][92] felix/iface_monitor.go 246: Netlink address update for known interface.  addr="192.168.8.64" exists=true ifIndex=2
[pod/calico-node-c2jhk/calico-node] 2026-07-12 14:55:55.377 [INFO][92] felix/int_dataplane.go 2609: Received interface addresses update msg=&intdataplane.ifaceAddrsUpdate{Name:"tunl0", Addrs:set.Typed[string]{"192.168.8.64":set.v{}}}
[pod/calico-node-c2jhk/calico-node] 2026-07-12 14:55:55.377 [INFO][92] felix/hostip_mgr.go 83: Interface addrs changed. update=&intdataplane.ifaceAddrsUpdate{Name:"tunl0", Addrs:set.Typed[string]{"192.168.8.64":set.v{}}}
[pod/calico-node-c2jhk/calico-node] 2026-07-12 14:55:55.377 [INFO][92] felix/ipsets.go 179: Queueing IP set for creation family="inet" setID="this-host" setType="hash:ip"
[pod/calico-node-c2jhk/calico-node] 2026-07-12 14:55:55.378 [INFO][92] felix/int_dataplane.go 2514: Received *proto.ServiceAccountUpdate update from calculation graph. msg=id:{namespace:"kube-system"  name:"bootstrap-signer"}  labels:{key:"projectcalico.org/name"  value:"bootstrap-signer"}
[pod/calico-node-c2jhk/calico-node] 2026-07-12 14:55:55.378 [INFO][92] felix/int_dataplane.go 2514: Received *proto.ServiceAccountUpdate update from calculation graph. msg=id:{namespace:"kube-system"  name:"calico-cni-plugin"}  labels:{key:"projectcalico.org/name"  value:"calico-cni-plugin"}
[pod/calico-node-c2jhk/calico-node] 2026-07-12 14:55:55.378 [INFO][92] felix/int_dataplane.go 2514: Received *proto.ServiceAccountUpdate update from calculation graph. msg=id:{namespace:"kube-system"  name:"cronjob-controller"}  labels:{key:"projectcalico.org/name"  value:"cronjob-controller"}
[pod/calico-node-c2jhk/calico-node] 2026-07-12 14:55:55.378 [INFO][92] felix/int_dataplane.go 2514: Received *proto.ServiceAccountUpdate update from calculation graph. msg=id:{namespace:"kube-system"  name:"endpoint-controller"}  labels:{key:"projectcalico.org/name"  value:"endpoint-controller"}
[pod/calico-node-c2jhk/calico-node] 2026-07-12 14:55:55.378 [INFO][92] felix/int_dataplane.go 2514: Received *proto.ServiceAccountUpdate update from calculation graph. msg=id:{namespace:"kube-system"  name:"ephemeral-volume-controller"}  labels:{key:"projectcalico.org/name"  value:"ephemeral-volume-controller"}
[pod/calico-node-c2jhk/calico-node] 2026-07-12 14:55:55.378 [INFO][92] felix/int_dataplane.go 2514: Received *proto.ServiceAccountUpdate update from calculation graph. msg=id:{namespace:"kube-system"  name:"horizontal-pod-autoscaler"}  labels:{key:"projectcalico.org/name"  value:"horizontal-pod-autoscaler"}
[pod/calico-node-c2jhk/calico-node] 2026-07-12 14:55:55.378 [INFO][92] felix/int_dataplane.go 2514: Received *proto.ServiceAccountUpdate update from calculation graph. msg=id:{namespace:"kube-system"  name:"job-controller"}  labels:{key:"projectcalico.org/name"  value:"job-controller"}
[pod/calico-node-c2jhk/calico-node] 2026-07-12 14:55:55.378 [INFO][92] felix/int_dataplane.go 2514: Received *proto.ServiceAccountUpdate update from calculation graph. msg=id:{namespace:"kube-system"  name:"namespace-controller"}  labels:{key:"projectcalico.org/name"  value:"namespace-controller"}
[pod/calico-node-c2jhk/calico-node] 2026-07-12 14:55:55.378 [INFO][92] felix/int_dataplane.go 2514: Received *proto.ServiceAccountUpdate update from calculation graph. msg=id:{namespace:"kube-public"  name:"default"}  labels:{key:"projectcalico.org/name"  value:"default"}
[pod/calico-node-c2jhk/calico-node] 2026-07-12 14:55:55.378 [INFO][92] felix/int_dataplane.go 2514: Received *proto.ServiceAccountUpdate update from calculation graph. msg=id:{namespace:"kube-system"  name:"daemon-set-controller"}  labels:{key:"projectcalico.org/name"  value:"daemon-set-controller"}
[pod/calico-node-c2jhk/calico-node] 2026-07-12 14:55:55.378 [INFO][92] felix/int_dataplane.go 2514: Received *proto.ServiceAccountUpdate update from calculation graph. msg=id:{namespace:"kube-system"  name:"deployment-controller"}  labels:{key:"projectcalico.org/name"  value:"deployment-controller"}
[pod/calico-node-c2jhk/calico-node] 2026-07-12 14:55:55.378 [INFO][92] felix/int_dataplane.go 2514: Received *proto.ServiceAccountUpdate update from calculation graph. msg=id:{namespace:"kube-system"  name:"generic-garbage-collector"}  labels:{key:"projectcalico.org/name"  value:"generic-garbage-collector"}
[pod/calico-node-c2jhk/calico-node] 2026-07-12 14:55:55.378 [INFO][92] felix/int_dataplane.go 2514: Received *proto.ServiceAccountUpdate update from calculation graph. msg=id:{namespace:"kube-system"  name:"kube-proxy"}  labels:{key:"projectcalico.org/name"  value:"kube-proxy"}
[pod/calico-node-c2jhk/calico-node] 2026-07-12 14:55:55.378 [INFO][92] felix/int_dataplane.go 2514: Received *proto.ServiceAccountUpdate update from calculation graph. msg=id:{namespace:"default"  name:"default"}  labels:{key:"projectcalico.org/name"  value:"default"}
[pod/calico-node-c2jhk/calico-node] 2026-07-12 14:55:55.379 [INFO][92] felix/int_dataplane.go 2514: Received *proto.ServiceAccountUpdate update from calculation graph. msg=id:{namespace:"kube-node-lease"  name:"default"}  labels:{key:"projectcalico.org/name"  value:"default"}
[pod/calico-node-c2jhk/calico-node] 2026-07-12 14:55:55.379 [INFO][92] felix/int_dataplane.go 2514: Received *proto.ServiceAccountUpdate update from calculation graph. msg=id:{namespace:"kube-system"  name:"attachdetach-controller"}  labels:{key:"projectcalico.org/name"  value:"attachdetach-controller"}
[pod/calico-node-c2jhk/calico-node] 2026-07-12 14:55:55.379 [INFO][92] felix/int_dataplane.go 2514: Received *proto.ServiceAccountUpdate update from calculation graph. msg=id:{namespace:"kube-system"  name:"calico-kube-controllers"}  labels:{key:"projectcalico.org/name"  value:"calico-kube-controllers"}
[pod/calico-node-c2jhk/calico-node] 2026-07-12 14:55:55.379 [INFO][92] felix/int_dataplane.go 2514: Received *proto.ServiceAccountUpdate update from calculation graph. msg=id:{namespace:"kube-system"  name:"clusterrole-aggregation-controller"}  labels:{key:"projectcalico.org/name"  value:"clusterrole-aggregation-controller"}
[pod/calico-node-c2jhk/calico-node] 2026-07-12 14:55:55.379 [INFO][92] felix/int_dataplane.go 2514: Received *proto.ServiceAccountUpdate update from calculation graph. msg=id:{namespace:"kube-system"  name:"coredns"}  labels:{key:"projectcalico.org/name"  value:"coredns"}
[pod/calico-node-c2jhk/calico-node] 2026-07-12 14:55:55.379 [INFO][92] felix/int_dataplane.go 2514: Received *proto.ServiceAccountUpdate update from calculation graph. msg=id:{namespace:"kube-system"  name:"default"}  labels:{key:"projectcalico.org/name"  value:"default"}
[pod/calico-node-c2jhk/calico-node] 2026-07-12 14:55:55.379 [INFO][92] felix/int_dataplane.go 2514: Received *proto.ServiceAccountUpdate update from calculation graph. msg=id:{namespace:"kube-system"  name:"disruption-controller"}  labels:{key:"projectcalico.org/name"  value:"disruption-controller"}
[pod/calico-node-c2jhk/calico-node] 2026-07-12 14:55:55.379 [INFO][92] felix/int_dataplane.go 2514: Received *proto.ServiceAccountUpdate update from calculation graph. msg=id:{namespace:"kube-system"  name:"calico-node"}  labels:{key:"projectcalico.org/name"  value:"calico-node"}
[pod/calico-node-c2jhk/calico-node] 2026-07-12 14:55:55.379 [INFO][92] felix/int_dataplane.go 2514: Received *proto.ServiceAccountUpdate update from calculation graph. msg=id:{namespace:"kube-system"  name:"certificate-controller"}  labels:{key:"projectcalico.org/name"  value:"certificate-controller"}
[pod/calico-node-c2jhk/calico-node] 2026-07-12 14:55:55.379 [INFO][92] felix/int_dataplane.go 2514: Received *proto.ServiceAccountUpdate update from calculation graph. msg=id:{namespace:"kube-system"  name:"endpointslice-controller"}  labels:{key:"projectcalico.org/name"  value:"endpointslice-controller"}
[pod/calico-node-c2jhk/calico-node] 2026-07-12 14:55:55.379 [INFO][92] felix/int_dataplane.go 2514: Received *proto.ServiceAccountUpdate update from calculation graph. msg=id:{namespace:"kube-system"  name:"endpointslicemirroring-controller"}  labels:{key:"projectcalico.org/name"  value:"endpointslicemirroring-controller"}
[pod/calico-node-c2jhk/calico-node] 2026-07-12 14:55:55.379 [INFO][92] felix/int_dataplane.go 2514: Received *proto.ServiceAccountUpdate update from calculation graph. msg=id:{namespace:"kube-system"  name:"expand-controller"}  labels:{key:"projectcalico.org/name"  value:"expand-controller"}
[pod/calico-node-c2jhk/calico-node] 2026-07-12 14:55:55.379 [INFO][92] felix/int_dataplane.go 2514: Received *proto.ServiceAccountUpdate update from calculation graph. msg=id:{namespace:"kube-system"  name:"legacy-service-account-token-cleaner"}  labels:{key:"projectcalico.org/name"  value:"legacy-service-account-token-cleaner"}
[pod/calico-node-c2jhk/calico-node] 2026-07-12 14:55:55.379 [INFO][92] felix/int_dataplane.go 2514: Received *proto.NamespaceUpdate update from calculation graph. msg=id:{name:"default"}  labels:{key:"kubernetes.io/metadata.name"  value:"default"}  labels:{key:"projectcalico.org/name"  value:"default"}
[pod/calico-node-c2jhk/calico-node] 2026-07-12 14:55:55.379 [INFO][92] felix/int_dataplane.go 2514: Received *proto.NamespaceUpdate update from calculation graph. msg=id:{name:"kube-node-lease"}  labels:{key:"kubernetes.io/metadata.name"  value:"kube-node-lease"}  labels:{key:"projectcalico.org/name"  value:"kube-node-lease"}
[pod/calico-node-c2jhk/calico-node] 2026-07-12 14:55:55.379 [INFO][92] felix/int_dataplane.go 2514: Received *proto.NamespaceUpdate update from calculation graph. msg=id:{name:"kube-public"}  labels:{key:"kubernetes.io/metadata.name"  value:"kube-public"}  labels:{key:"projectcalico.org/name"  value:"kube-public"}
[pod/calico-node-c2jhk/calico-node] 2026-07-12 14:55:55.379 [INFO][92] felix/int_dataplane.go 2514: Received *proto.NamespaceUpdate update from calculation graph. msg=id:{name:"kube-system"}  labels:{key:"kubernetes.io/metadata.name"  value:"kube-system"}  labels:{key:"projectcalico.org/name"  value:"kube-system"}
[pod/calico-node-c2jhk/calico-node] 2026-07-12 14:55:55.379 [INFO][92] felix/int_dataplane.go 2514: Received *proto.NamespaceUpdate update from calculation graph. msg=id:{name:"local-path-storage"}  labels:{key:"kubernetes.io/metadata.name"  value:"local-path-storage"}  labels:{key:"projectcalico.org/name"  value:"local-path-storage"}
[pod/calico-node-c2jhk/calico-node] 2026-07-12 14:55:55.380 [INFO][92] felix/watchercache.go 448: Sending synced update ListRoot=".../v3/pc.org/workloadendpoints"
[pod/calico-node-c2jhk/calico-node] 2026-07-12 14:55:55.380 [INFO][92] felix/watchersyncer.go 243: Received InSync event from one of the watcher caches
[pod/calico-node-c2jhk/calico-node] 2026-07-12 14:55:55.380 [INFO][92] felix/watchersyncer.go 255: All watchers have sync'd data - sending data and final sync
[pod/calico-node-c2jhk/calico-node] 2026-07-12 14:55:55.380 [INFO][92] felix/watchersyncer.go 158: Sending status update Status=in-sync
[pod/calico-node-c2jhk/calico-node] 2026-07-12 14:55:55.380 [INFO][92] felix/config_batcher.go 231: Datamodel in sync, flushing config update
[pod/calico-node-c2jhk/calico-node] 2026-07-12 14:55:55.380 [INFO][92] felix/config_batcher.go 241: Sending config update global: map[BPFConnectTimeLoadBalancing:TCP BPFHostNetworkedNATWithoutCTLB:Enabled CalicoVersion:v3.32.1 ClusterGUID:8ccb8407339f4e4cb420b205f4e95bb6 ClusterType:k8s,bgp,kubeadm,kdd FloatingIPs:Disabled LogSeverityScreen:Info NFTablesMode:Auto ReportingIntervalSecs:0], host: map[IpInIpTunnelAddr:192.168.8.64].
[pod/calico-node-c2jhk/calico-node] 2026-07-12 14:55:55.380 [INFO][92] felix/async_calc_graph.go 166: First time we've been in sync
[pod/calico-node-c2jhk/calico-node] 2026-07-12 14:55:55.380 [INFO][92] felix/health.go 203: Health of component changed name="CalculationGraph" newReport="live,ready" oldReport="live,non-ready"
[pod/calico-node-c2jhk/calico-node] 2026-07-12 14:55:55.380 [INFO][92] felix/event_sequencer.go 290: Possible config update. global=map[string]string{"BPFConnectTimeLoadBalancing":"TCP", "BPFHostNetworkedNATWithoutCTLB":"Enabled", "CalicoVersion":"v3.32.1", "ClusterGUID":"8ccb8407339f4e4cb420b205f4e95bb6", "ClusterType":"k8s,bgp,kubeadm,kdd", "FloatingIPs":"Disabled", "LogSeverityScreen":"Info", "NFTablesMode":"Auto", "ReportingIntervalSecs":"0"} host=map[string]string{"IpInIpTunnelAddr":"192.168.8.64"} selector=map[string]string{}
[pod/calico-node-c2jhk/calico-node] 2026-07-12 14:55:55.380 [INFO][92] felix/config_params.go 660: Merging in config from datastore (global): map[BPFConnectTimeLoadBalancing:TCP BPFHostNetworkedNATWithoutCTLB:Enabled CalicoVersion:v3.32.1 ClusterGUID:8ccb8407339f4e4cb420b205f4e95bb6 ClusterType:k8s,bgp,kubeadm,kdd FloatingIPs:Disabled LogSeverityScreen:Info NFTablesMode:Auto ReportingIntervalSecs:0]
[pod/calico-node-c2jhk/calico-node] 2026-07-12 14:55:55.381 [INFO][92] felix/config_params.go 797: Parsing value for DatastoreType: kubernetes (from environment variable)
[pod/calico-node-c2jhk/calico-node] 2026-07-12 14:55:55.381 [INFO][92] felix/config_params.go 833: Parsed value for DatastoreType: kubernetes (from environment variable)
[pod/calico-node-c2jhk/calico-node] 2026-07-12 14:55:55.381 [INFO][92] felix/config_params.go 797: Parsing value for Ipv6Support: false (from environment variable)
[pod/calico-node-c2jhk/calico-node] 2026-07-12 14:55:55.381 [INFO][92] felix/config_params.go 833: Parsed value for Ipv6Support: false (from environment variable)
[pod/calico-node-c2jhk/calico-node] 2026-07-12 14:55:55.381 [INFO][92] felix/usagerep.go 91: Waiting before first check-in delay=5m0.124s
[pod/calico-node-c2jhk/calico-node] 2026-07-12 14:55:55.381 [INFO][92] felix/config_params.go 797: Parsing value for DefaultEndpointToHostAction: ACCEPT (from environment variable)
[pod/calico-node-c2jhk/calico-node] 2026-07-12 14:55:55.381 [INFO][92] felix/config_params.go 833: Parsed value for DefaultEndpointToHostAction: ACCEPT (from environment variable)
[pod/calico-node-c2jhk/calico-node] 2026-07-12 14:55:55.381 [INFO][92] felix/config_params.go 797: Parsing value for WireguardMTU: 0 (from environment variable)
[pod/calico-node-c2jhk/calico-node] 2026-07-12 14:55:55.382 [INFO][92] felix/config_params.go 833: Parsed value for WireguardMTU: 0 (from environment variable)
[pod/calico-node-c2jhk/calico-node] 2026-07-12 14:55:55.382 [INFO][92] felix/config_params.go 797: Parsing value for FelixHostname: article3-performance-worker3 (from environment variable)
[pod/calico-node-c2jhk/calico-node] 2026-07-12 14:55:55.382 [INFO][92] felix/config_params.go 833: Parsed value for FelixHostname: article3-performance-worker3 (from environment variable)
[pod/calico-node-c2jhk/calico-node] 2026-07-12 14:55:55.382 [INFO][92] felix/config_params.go 797: Parsing value for VXLANMTU: 0 (from environment variable)
[pod/calico-node-c2jhk/calico-node] 2026-07-12 14:55:55.382 [INFO][92] felix/config_params.go 833: Parsed value for VXLANMTU: 0 (from environment variable)
[pod/calico-node-c2jhk/calico-node] 2026-07-12 14:55:55.382 [INFO][92] felix/config_params.go 797: Parsing value for HealthEnabled: true (from environment variable)
[pod/calico-node-c2jhk/calico-node] 2026-07-12 14:55:55.382 [INFO][92] felix/config_params.go 833: Parsed value for HealthEnabled: true (from environment variable)
[pod/calico-node-c2jhk/calico-node] 2026-07-12 14:55:55.382 [INFO][92] felix/config_params.go 797: Parsing value for IpInIpMtu: 0 (from environment variable)
[pod/calico-node-c2jhk/calico-node] 2026-07-12 14:55:55.383 [INFO][92] felix/config_params.go 833: Parsed value for IpInIpMtu: 0 (from environment variable)
[pod/calico-node-c2jhk/calico-node] 2026-07-12 14:55:55.383 [INFO][92] felix/config_params.go 797: Parsing value for LogFilePath: None (from config file)
[pod/calico-node-c2jhk/calico-node] 2026-07-12 14:55:55.383 [INFO][92] felix/config_params.go 814: Value set to 'none', replacing with zero-value: "".
[pod/calico-node-c2jhk/calico-node] 2026-07-12 14:55:55.383 [INFO][92] felix/config_params.go 833: Parsed value for LogFilePath:  (from config file)
[pod/calico-node-c2jhk/calico-node] 2026-07-12 14:55:55.383 [INFO][92] felix/config_params.go 797: Parsing value for LogSeverityFile: None (from config file)
[pod/calico-node-c2jhk/calico-node] 2026-07-12 14:55:55.383 [INFO][92] felix/config_params.go 814: Value set to 'none', replacing with zero-value: "".
[pod/calico-node-c2jhk/calico-node] 2026-07-12 14:55:55.383 [INFO][92] felix/config_params.go 833: Parsed value for LogSeverityFile:  (from config file)
[pod/calico-node-c2jhk/calico-node] 2026-07-12 14:55:55.383 [INFO][92] felix/config_params.go 797: Parsing value for LogSeveritySys: None (from config file)
[pod/calico-node-c2jhk/calico-node] 2026-07-12 14:55:55.383 [INFO][92] felix/config_params.go 814: Value set to 'none', replacing with zero-value: "".
[pod/calico-node-c2jhk/calico-node] 2026-07-12 14:55:55.383 [INFO][92] felix/config_params.go 833: Parsed value for LogSeveritySys:  (from config file)
[pod/calico-node-c2jhk/calico-node] 2026-07-12 14:55:55.383 [INFO][92] felix/config_params.go 797: Parsing value for MetadataAddr: None (from config file)
[pod/calico-node-c2jhk/calico-node] 2026-07-12 14:55:55.383 [INFO][92] felix/config_params.go 814: Value set to 'none', replacing with zero-value: "".
[pod/calico-node-c2jhk/calico-node] 2026-07-12 14:55:55.383 [INFO][92] felix/config_params.go 833: Parsed value for MetadataAddr:  (from config file)
[pod/calico-node-c2jhk/calico-node] 2026-07-12 14:55:55.383 [INFO][92] felix/config_params.go 797: Parsing value for IpInIpTunnelAddr: 192.168.8.64 (from datastore (per-host))
[pod/calico-node-c2jhk/calico-node] 2026-07-12 14:55:55.383 [INFO][92] felix/config_params.go 833: Parsed value for IpInIpTunnelAddr: 192.168.8.64 (from datastore (per-host))
[pod/calico-node-c2jhk/calico-node] 2026-07-12 14:55:55.383 [INFO][92] felix/config_params.go 797: Parsing value for FloatingIPs: Disabled (from datastore (global))
[pod/calico-node-c2jhk/calico-node] 2026-07-12 14:55:55.383 [INFO][92] felix/config_params.go 833: Parsed value for FloatingIPs: Disabled (from datastore (global))
[pod/calico-node-c2jhk/calico-node] 2026-07-12 14:55:55.383 [INFO][92] felix/config_params.go 797: Parsing value for ClusterGUID: 8ccb8407339f4e4cb420b205f4e95bb6 (from datastore (global))
[pod/calico-node-c2jhk/calico-node] 2026-07-12 14:55:55.383 [INFO][92] felix/config_params.go 833: Parsed value for ClusterGUID: 8ccb8407339f4e4cb420b205f4e95bb6 (from datastore (global))
[pod/calico-node-c2jhk/calico-node] 2026-07-12 14:55:55.383 [INFO][92] felix/config_params.go 797: Parsing value for ClusterType: k8s,bgp,kubeadm,kdd (from datastore (global))
[pod/calico-node-c2jhk/calico-node] 2026-07-12 14:55:55.383 [INFO][92] felix/config_params.go 833: Parsed value for ClusterType: k8s,bgp,kubeadm,kdd (from datastore (global))
[pod/calico-node-c2jhk/calico-node] 2026-07-12 14:55:55.383 [INFO][92] felix/config_params.go 797: Parsing value for BPFConnectTimeLoadBalancing: TCP (from datastore (global))
[pod/calico-node-c2jhk/calico-node] 2026-07-12 14:55:55.383 [INFO][92] felix/config_params.go 833: Parsed value for BPFConnectTimeLoadBalancing: TCP (from datastore (global))
[pod/calico-node-c2jhk/calico-node] 2026-07-12 14:55:55.383 [INFO][92] felix/config_params.go 797: Parsing value for LogSeverityScreen: Info (from datastore (global))
[pod/calico-node-c2jhk/calico-node] 2026-07-12 14:55:55.383 [INFO][92] felix/config_params.go 833: Parsed value for LogSeverityScreen: INFO (from datastore (global))
[pod/calico-node-c2jhk/calico-node] 2026-07-12 14:55:55.383 [INFO][92] felix/config_params.go 797: Parsing value for BPFHostNetworkedNATWithoutCTLB: Enabled (from datastore (global))
[pod/calico-node-c2jhk/calico-node] 2026-07-12 14:55:55.383 [INFO][92] felix/config_params.go 833: Parsed value for BPFHostNetworkedNATWithoutCTLB: Enabled (from datastore (global))
[pod/calico-node-c2jhk/calico-node] 2026-07-12 14:55:55.383 [INFO][92] felix/config_params.go 797: Parsing value for CalicoVersion: v3.32.1 (from datastore (global))
[pod/calico-node-c2jhk/calico-node] 2026-07-12 14:55:55.383 [INFO][92] felix/config_params.go 833: Parsed value for CalicoVersion: v3.32.1 (from datastore (global))
[pod/calico-node-c2jhk/calico-node] 2026-07-12 14:55:55.383 [INFO][92] felix/config_params.go 797: Parsing value for ReportingIntervalSecs: 0 (from datastore (global))
[pod/calico-node-c2jhk/calico-node] 2026-07-12 14:55:55.383 [INFO][92] felix/config_params.go 833: Parsed value for ReportingIntervalSecs: 0s (from datastore (global))
[pod/calico-node-c2jhk/calico-node] 2026-07-12 14:55:55.383 [INFO][92] felix/config_params.go 797: Parsing value for NFTablesMode: Auto (from datastore (global))
[pod/calico-node-c2jhk/calico-node] 2026-07-12 14:55:55.383 [INFO][92] felix/config_params.go 833: Parsed value for NFTablesMode: Auto (from datastore (global))
[pod/calico-node-c2jhk/calico-node] 2026-07-12 14:55:55.384 [INFO][92] felix/config_params.go 660: Merging in config from datastore (per-node-selector): map[]
[pod/calico-node-c2jhk/calico-node] 2026-07-12 14:55:55.384 [INFO][92] felix/config_params.go 797: Parsing value for Ipv6Support: false (from environment variable)
[pod/calico-node-c2jhk/calico-node] 2026-07-12 14:55:55.384 [INFO][92] felix/config_params.go 833: Parsed value for Ipv6Support: false (from environment variable)
[pod/calico-node-c2jhk/calico-node] 2026-07-12 14:55:55.384 [INFO][92] felix/config_params.go 797: Parsing value for DefaultEndpointToHostAction: ACCEPT (from environment variable)
[pod/calico-node-c2jhk/calico-node] 2026-07-12 14:55:55.384 [INFO][92] felix/config_params.go 833: Parsed value for DefaultEndpointToHostAction: ACCEPT (from environment variable)
[pod/calico-node-c2jhk/calico-node] 2026-07-12 14:55:55.384 [INFO][92] felix/config_params.go 797: Parsing value for WireguardMTU: 0 (from environment variable)
[pod/calico-node-c2jhk/calico-node] 2026-07-12 14:55:55.384 [INFO][92] felix/config_params.go 833: Parsed value for WireguardMTU: 0 (from environment variable)
[pod/calico-node-c2jhk/calico-node] 2026-07-12 14:55:55.384 [INFO][92] felix/config_params.go 797: Parsing value for FelixHostname: article3-performance-worker3 (from environment variable)
[pod/calico-node-c2jhk/calico-node] 2026-07-12 14:55:55.384 [INFO][92] felix/config_params.go 833: Parsed value for FelixHostname: article3-performance-worker3 (from environment variable)
[pod/calico-node-c2jhk/calico-node] 2026-07-12 14:55:55.384 [INFO][92] felix/config_params.go 797: Parsing value for VXLANMTU: 0 (from environment variable)
[pod/calico-node-c2jhk/calico-node] 2026-07-12 14:55:55.384 [INFO][92] felix/config_params.go 833: Parsed value for VXLANMTU: 0 (from environment variable)
[pod/calico-node-c2jhk/calico-node] 2026-07-12 14:55:55.384 [INFO][92] felix/config_params.go 797: Parsing value for HealthEnabled: true (from environment variable)
[pod/calico-node-c2jhk/calico-node] 2026-07-12 14:55:55.384 [INFO][92] felix/config_params.go 833: Parsed value for HealthEnabled: true (from environment variable)
[pod/calico-node-c2jhk/calico-node] 2026-07-12 14:55:55.384 [INFO][92] felix/config_params.go 797: Parsing value for IpInIpMtu: 0 (from environment variable)
[pod/calico-node-c2jhk/calico-node] 2026-07-12 14:55:55.384 [INFO][92] felix/config_params.go 833: Parsed value for IpInIpMtu: 0 (from environment variable)
[pod/calico-node-c2jhk/calico-node] 2026-07-12 14:55:55.384 [INFO][92] felix/config_params.go 797: Parsing value for DatastoreType: kubernetes (from environment variable)
[pod/calico-node-c2jhk/calico-node] 2026-07-12 14:55:55.384 [INFO][92] felix/config_params.go 833: Parsed value for DatastoreType: kubernetes (from environment variable)
[pod/calico-node-c2jhk/calico-node] 2026-07-12 14:55:55.385 [INFO][92] felix/config_params.go 797: Parsing value for LogFilePath: None (from config file)
[pod/calico-node-c2jhk/calico-node] 2026-07-12 14:55:55.385 [INFO][92] felix/config_params.go 814: Value set to 'none', replacing with zero-value: "".
[pod/calico-node-c2jhk/calico-node] 2026-07-12 14:55:55.386 [INFO][92] felix/config_params.go 833: Parsed value for LogFilePath:  (from config file)
[pod/calico-node-c2jhk/calico-node] 2026-07-12 14:55:55.386 [INFO][92] felix/config_params.go 797: Parsing value for LogSeverityFile: None (from config file)
[pod/calico-node-c2jhk/calico-node] 2026-07-12 14:55:55.386 [INFO][92] felix/config_params.go 814: Value set to 'none', replacing with zero-value: "".
[pod/calico-node-c2jhk/calico-node] 2026-07-12 14:55:55.386 [INFO][92] felix/config_params.go 833: Parsed value for LogSeverityFile:  (from config file)
[pod/calico-node-c2jhk/calico-node] 2026-07-12 14:55:55.386 [INFO][92] felix/config_params.go 797: Parsing value for LogSeveritySys: None (from config file)
[pod/calico-node-c2jhk/calico-node] 2026-07-12 14:55:55.386 [INFO][92] felix/config_params.go 814: Value set to 'none', replacing with zero-value: "".
[pod/calico-node-c2jhk/calico-node] 2026-07-12 14:55:55.386 [INFO][92] felix/config_params.go 833: Parsed value for LogSeveritySys:  (from config file)
[pod/calico-node-c2jhk/calico-node] 2026-07-12 14:55:55.386 [INFO][92] felix/config_params.go 797: Parsing value for MetadataAddr: None (from config file)
[pod/calico-node-c2jhk/calico-node] 2026-07-12 14:55:55.386 [INFO][92] felix/config_params.go 814: Value set to 'none', replacing with zero-value: "".
[pod/calico-node-c2jhk/calico-node] 2026-07-12 14:55:55.386 [INFO][92] felix/config_params.go 833: Parsed value for MetadataAddr:  (from config file)
[pod/calico-node-c2jhk/calico-node] 2026-07-12 14:55:55.386 [INFO][92] felix/config_params.go 797: Parsing value for IpInIpTunnelAddr: 192.168.8.64 (from datastore (per-host))
[pod/calico-node-c2jhk/calico-node] 2026-07-12 14:55:55.386 [INFO][92] felix/config_params.go 833: Parsed value for IpInIpTunnelAddr: 192.168.8.64 (from datastore (per-host))
[pod/calico-node-c2jhk/calico-node] 2026-07-12 14:55:55.386 [INFO][92] felix/config_params.go 797: Parsing value for CalicoVersion: v3.32.1 (from datastore (global))
[pod/calico-node-c2jhk/calico-node] 2026-07-12 14:55:55.386 [INFO][92] felix/config_params.go 833: Parsed value for CalicoVersion: v3.32.1 (from datastore (global))
[pod/calico-node-c2jhk/calico-node] 2026-07-12 14:55:55.386 [INFO][92] felix/config_params.go 797: Parsing value for ReportingIntervalSecs: 0 (from datastore (global))
[pod/calico-node-c2jhk/calico-node] 2026-07-12 14:55:55.386 [INFO][92] felix/config_params.go 833: Parsed value for ReportingIntervalSecs: 0s (from datastore (global))
[pod/calico-node-c2jhk/calico-node] 2026-07-12 14:55:55.387 [INFO][92] felix/config_params.go 797: Parsing value for NFTablesMode: Auto (from datastore (global))
[pod/calico-node-c2jhk/calico-node] 2026-07-12 14:55:55.387 [INFO][92] felix/config_params.go 833: Parsed value for NFTablesMode: Auto (from datastore (global))
[pod/calico-node-c2jhk/calico-node] 2026-07-12 14:55:55.387 [INFO][92] felix/config_params.go 797: Parsing value for FloatingIPs: Disabled (from datastore (global))
[pod/calico-node-c2jhk/calico-node] 2026-07-12 14:55:55.387 [INFO][92] felix/config_params.go 833: Parsed value for FloatingIPs: Disabled (from datastore (global))
[pod/calico-node-c2jhk/calico-node] 2026-07-12 14:55:55.387 [INFO][92] felix/config_params.go 797: Parsing value for ClusterGUID: 8ccb8407339f4e4cb420b205f4e95bb6 (from datastore (global))
[pod/calico-node-c2jhk/calico-node] 2026-07-12 14:55:55.387 [INFO][92] felix/config_params.go 833: Parsed value for ClusterGUID: 8ccb8407339f4e4cb420b205f4e95bb6 (from datastore (global))
[pod/calico-node-c2jhk/calico-node] 2026-07-12 14:55:55.387 [INFO][92] felix/config_params.go 797: Parsing value for ClusterType: k8s,bgp,kubeadm,kdd (from datastore (global))
[pod/calico-node-c2jhk/calico-node] 2026-07-12 14:55:55.387 [INFO][92] felix/config_params.go 833: Parsed value for ClusterType: k8s,bgp,kubeadm,kdd (from datastore (global))
[pod/calico-node-c2jhk/calico-node] 2026-07-12 14:55:55.387 [INFO][92] felix/config_params.go 797: Parsing value for BPFConnectTimeLoadBalancing: TCP (from datastore (global))
[pod/calico-node-c2jhk/calico-node] 2026-07-12 14:55:55.387 [INFO][92] felix/config_params.go 833: Parsed value for BPFConnectTimeLoadBalancing: TCP (from datastore (global))
[pod/calico-node-c2jhk/calico-node] 2026-07-12 14:55:55.387 [INFO][92] felix/config_params.go 797: Parsing value for LogSeverityScreen: Info (from datastore (global))
[pod/calico-node-c2jhk/calico-node] 2026-07-12 14:55:55.387 [INFO][92] felix/config_params.go 833: Parsed value for LogSeverityScreen: INFO (from datastore (global))
[pod/calico-node-c2jhk/calico-node] 2026-07-12 14:55:55.387 [INFO][92] felix/config_params.go 797: Parsing value for BPFHostNetworkedNATWithoutCTLB: Enabled (from datastore (global))
[pod/calico-node-c2jhk/calico-node] 2026-07-12 14:55:55.387 [INFO][92] felix/config_params.go 833: Parsed value for BPFHostNetworkedNATWithoutCTLB: Enabled (from datastore (global))
[pod/calico-node-c2jhk/calico-node] 2026-07-12 14:55:55.387 [INFO][92] felix/config_params.go 660: Merging in config from datastore (per-host): map[IpInIpTunnelAddr:192.168.8.64]
[pod/calico-node-c2jhk/calico-node] 2026-07-12 14:55:55.387 [INFO][92] felix/config_params.go 797: Parsing value for Ipv6Support: false (from environment variable)
[pod/calico-node-c2jhk/calico-node] 2026-07-12 14:55:55.387 [INFO][92] felix/config_params.go 833: Parsed value for Ipv6Support: false (from environment variable)
[pod/calico-node-c2jhk/calico-node] 2026-07-12 14:55:55.388 [INFO][92] felix/config_params.go 797: Parsing value for DefaultEndpointToHostAction: ACCEPT (from environment variable)
[pod/calico-node-c2jhk/calico-node] 2026-07-12 14:55:55.388 [INFO][92] felix/config_params.go 833: Parsed value for DefaultEndpointToHostAction: ACCEPT (from environment variable)
[pod/calico-node-c2jhk/calico-node] 2026-07-12 14:55:55.388 [INFO][92] felix/config_params.go 797: Parsing value for WireguardMTU: 0 (from environment variable)
[pod/calico-node-c2jhk/calico-node] 2026-07-12 14:55:55.388 [INFO][92] felix/config_params.go 833: Parsed value for WireguardMTU: 0 (from environment variable)
[pod/calico-node-c2jhk/calico-node] 2026-07-12 14:55:55.388 [INFO][92] felix/config_params.go 797: Parsing value for FelixHostname: article3-performance-worker3 (from environment variable)
[pod/calico-node-c2jhk/calico-node] 2026-07-12 14:55:55.388 [INFO][92] felix/config_params.go 833: Parsed value for FelixHostname: article3-performance-worker3 (from environment variable)
[pod/calico-node-c2jhk/calico-node] 2026-07-12 14:55:55.388 [INFO][92] felix/config_params.go 797: Parsing value for VXLANMTU: 0 (from environment variable)
[pod/calico-node-c2jhk/calico-node] 2026-07-12 14:55:55.388 [INFO][92] felix/config_params.go 833: Parsed value for VXLANMTU: 0 (from environment variable)
[pod/calico-node-c2jhk/calico-node] 2026-07-12 14:55:55.388 [INFO][92] felix/config_params.go 797: Parsing value for HealthEnabled: true (from environment variable)
[pod/calico-node-c2jhk/calico-node] 2026-07-12 14:55:55.388 [INFO][92] felix/config_params.go 833: Parsed value for HealthEnabled: true (from environment variable)
[pod/calico-node-c2jhk/calico-node] 2026-07-12 14:55:55.388 [INFO][92] felix/config_params.go 797: Parsing value for IpInIpMtu: 0 (from environment variable)
[pod/calico-node-c2jhk/calico-node] 2026-07-12 14:55:55.388 [INFO][92] felix/config_params.go 833: Parsed value for IpInIpMtu: 0 (from environment variable)
[pod/calico-node-c2jhk/calico-node] 2026-07-12 14:55:55.388 [INFO][92] felix/config_params.go 797: Parsing value for DatastoreType: kubernetes (from environment variable)
[pod/calico-node-c2jhk/calico-node] 2026-07-12 14:55:55.388 [INFO][92] felix/config_params.go 833: Parsed value for DatastoreType: kubernetes (from environment variable)
[pod/calico-node-c2jhk/calico-node] 2026-07-12 14:55:55.388 [INFO][92] felix/config_params.go 797: Parsing value for LogSeverityFile: None (from config file)
[pod/calico-node-c2jhk/calico-node] 2026-07-12 14:55:55.388 [INFO][92] felix/config_params.go 814: Value set to 'none', replacing with zero-value: "".
[pod/calico-node-c2jhk/calico-node] 2026-07-12 14:55:55.388 [INFO][92] felix/config_params.go 833: Parsed value for LogSeverityFile:  (from config file)
[pod/calico-node-c2jhk/calico-node] 2026-07-12 14:55:55.388 [INFO][92] felix/config_params.go 797: Parsing value for LogSeveritySys: None (from config file)
[pod/calico-node-c2jhk/calico-node] 2026-07-12 14:55:55.388 [INFO][92] felix/config_params.go 814: Value set to 'none', replacing with zero-value: "".
[pod/calico-node-c2jhk/calico-node] 2026-07-12 14:55:55.388 [INFO][92] felix/config_params.go 833: Parsed value for LogSeveritySys:  (from config file)
[pod/calico-node-c2jhk/calico-node] 2026-07-12 14:55:55.388 [INFO][92] felix/config_params.go 797: Parsing value for MetadataAddr: None (from config file)
[pod/calico-node-c2jhk/calico-node] 2026-07-12 14:55:55.388 [INFO][92] felix/config_params.go 814: Value set to 'none', replacing with zero-value: "".
[pod/calico-node-c2jhk/calico-node] 2026-07-12 14:55:55.388 [INFO][92] felix/config_params.go 833: Parsed value for MetadataAddr:  (from config file)
[pod/calico-node-c2jhk/calico-node] 2026-07-12 14:55:55.389 [INFO][92] felix/config_params.go 797: Parsing value for LogFilePath: None (from config file)
[pod/calico-node-c2jhk/calico-node] 2026-07-12 14:55:55.389 [INFO][92] felix/config_params.go 814: Value set to 'none', replacing with zero-value: "".
[pod/calico-node-c2jhk/calico-node] 2026-07-12 14:55:55.389 [INFO][92] felix/config_params.go 833: Parsed value for LogFilePath:  (from config file)
[pod/calico-node-c2jhk/calico-node] 2026-07-12 14:55:55.389 [INFO][92] felix/config_params.go 797: Parsing value for IpInIpTunnelAddr: 192.168.8.64 (from datastore (per-host))
[pod/calico-node-c2jhk/calico-node] 2026-07-12 14:55:55.389 [INFO][92] felix/config_params.go 833: Parsed value for IpInIpTunnelAddr: 192.168.8.64 (from datastore (per-host))
[pod/calico-node-c2jhk/calico-node] 2026-07-12 14:55:55.389 [INFO][92] felix/config_params.go 797: Parsing value for CalicoVersion: v3.32.1 (from datastore (global))
[pod/calico-node-c2jhk/calico-node] 2026-07-12 14:55:55.389 [INFO][92] felix/config_params.go 833: Parsed value for CalicoVersion: v3.32.1 (from datastore (global))
[pod/calico-node-c2jhk/calico-node] 2026-07-12 14:55:55.389 [INFO][92] felix/config_params.go 797: Parsing value for ReportingIntervalSecs: 0 (from datastore (global))
[pod/calico-node-c2jhk/calico-node] 2026-07-12 14:55:55.389 [INFO][92] felix/config_params.go 833: Parsed value for ReportingIntervalSecs: 0s (from datastore (global))
[pod/calico-node-c2jhk/calico-node] 2026-07-12 14:55:55.389 [INFO][92] felix/config_params.go 797: Parsing value for NFTablesMode: Auto (from datastore (global))
[pod/calico-node-c2jhk/calico-node] 2026-07-12 14:55:55.389 [INFO][92] felix/config_params.go 833: Parsed value for NFTablesMode: Auto (from datastore (global))
[pod/calico-node-c2jhk/calico-node] 2026-07-12 14:55:55.389 [INFO][92] felix/config_params.go 797: Parsing value for FloatingIPs: Disabled (from datastore (global))
[pod/calico-node-c2jhk/calico-node] 2026-07-12 14:55:55.389 [INFO][92] felix/config_params.go 833: Parsed value for FloatingIPs: Disabled (from datastore (global))
[pod/calico-node-c2jhk/calico-node] 2026-07-12 14:55:55.389 [INFO][92] felix/config_params.go 797: Parsing value for ClusterGUID: 8ccb8407339f4e4cb420b205f4e95bb6 (from datastore (global))
[pod/calico-node-c2jhk/calico-node] 2026-07-12 14:55:55.389 [INFO][92] felix/config_params.go 833: Parsed value for ClusterGUID: 8ccb8407339f4e4cb420b205f4e95bb6 (from datastore (global))
[pod/calico-node-c2jhk/calico-node] 2026-07-12 14:55:55.389 [INFO][92] felix/config_params.go 797: Parsing value for ClusterType: k8s,bgp,kubeadm,kdd (from datastore (global))
[pod/calico-node-c2jhk/calico-node] 2026-07-12 14:55:55.389 [INFO][92] felix/config_params.go 833: Parsed value for ClusterType: k8s,bgp,kubeadm,kdd (from datastore (global))
[pod/calico-node-c2jhk/calico-node] 2026-07-12 14:55:55.389 [INFO][92] felix/config_params.go 797: Parsing value for BPFConnectTimeLoadBalancing: TCP (from datastore (global))
[pod/calico-node-c2jhk/calico-node] 2026-07-12 14:55:55.389 [INFO][92] felix/config_params.go 833: Parsed value for BPFConnectTimeLoadBalancing: TCP (from datastore (global))
[pod/calico-node-c2jhk/calico-node] 2026-07-12 14:55:55.389 [INFO][92] felix/config_params.go 797: Parsing value for LogSeverityScreen: Info (from datastore (global))
[pod/calico-node-c2jhk/calico-node] 2026-07-12 14:55:55.389 [INFO][92] felix/config_params.go 833: Parsed value for LogSeverityScreen: INFO (from datastore (global))
[pod/calico-node-c2jhk/calico-node] 2026-07-12 14:55:55.389 [INFO][92] felix/config_params.go 797: Parsing value for BPFHostNetworkedNATWithoutCTLB: Enabled (from datastore (global))
[pod/calico-node-c2jhk/calico-node] 2026-07-12 14:55:55.389 [INFO][92] felix/config_params.go 833: Parsed value for BPFHostNetworkedNATWithoutCTLB: Enabled (from datastore (global))
[pod/calico-node-c2jhk/calico-node] 2026-07-12 14:55:55.389 [INFO][92] felix/async_calc_graph.go 221: First flush after becoming in sync, sending InSync message.
[pod/calico-node-c2jhk/calico-node] 2026-07-12 14:55:55.389 [INFO][92] felix/daemon.go 1449: Datastore now in sync.
[pod/calico-node-c2jhk/calico-node] 2026-07-12 14:55:55.389 [INFO][92] felix/int_dataplane.go 2514: Received *proto.ServiceAccountUpdate update from calculation graph. msg=id:{namespace:"kube-system"  name:"statefulset-controller"}  labels:{key:"projectcalico.org/name"  value:"statefulset-controller"}
[pod/calico-node-c2jhk/calico-node] 2026-07-12 14:55:55.390 [INFO][92] felix/int_dataplane.go 2514: Received *proto.ServiceAccountUpdate update from calculation graph. msg=id:{namespace:"kube-system"  name:"token-cleaner"}  labels:{key:"projectcalico.org/name"  value:"token-cleaner"}
[pod/calico-node-c2jhk/calico-node] 2026-07-12 14:55:55.390 [INFO][92] felix/int_dataplane.go 2514: Received *proto.ServiceAccountUpdate update from calculation graph. msg=id:{namespace:"kube-system"  name:"ttl-after-finished-controller"}  labels:{key:"projectcalico.org/name"  value:"ttl-after-finished-controller"}
[pod/calico-node-c2jhk/calico-node] 2026-07-12 14:55:55.390 [INFO][92] felix/int_dataplane.go 2514: Received *proto.ServiceAccountUpdate update from calculation graph. msg=id:{namespace:"kube-system"  name:"ttl-controller"}  labels:{key:"projectcalico.org/name"  value:"ttl-controller"}
[pod/calico-node-c2jhk/calico-node] 2026-07-12 14:55:55.390 [INFO][92] felix/int_dataplane.go 2514: Received *proto.ServiceAccountUpdate update from calculation graph. msg=id:{namespace:"kube-system"  name:"pvc-protection-controller"}  labels:{key:"projectcalico.org/name"  value:"pvc-protection-controller"}
[pod/calico-node-c2jhk/calico-node] 2026-07-12 14:55:55.390 [INFO][92] felix/int_dataplane.go 2514: Received *proto.ServiceAccountUpdate update from calculation graph. msg=id:{namespace:"kube-system"  name:"resourcequota-controller"}  labels:{key:"projectcalico.org/name"  value:"resourcequota-controller"}
[pod/calico-node-c2jhk/calico-node] 2026-07-12 14:55:55.390 [INFO][92] felix/int_dataplane.go 2514: Received *proto.ServiceAccountUpdate update from calculation graph. msg=id:{namespace:"kube-system"  name:"service-cidrs-controller"}  labels:{key:"projectcalico.org/name"  value:"service-cidrs-controller"}
[pod/calico-node-c2jhk/calico-node] 2026-07-12 14:55:55.390 [INFO][92] felix/int_dataplane.go 2514: Received *proto.ServiceAccountUpdate update from calculation graph. msg=id:{namespace:"kube-system"  name:"volumeattributesclass-protection-controller"}  labels:{key:"projectcalico.org/name"  value:"volumeattributesclass-protection-controller"}
[pod/calico-node-c2jhk/calico-node] 2026-07-12 14:55:55.390 [INFO][92] felix/int_dataplane.go 2514: Received *proto.ServiceAccountUpdate update from calculation graph. msg=id:{namespace:"local-path-storage"  name:"local-path-provisioner-service-account"}  labels:{key:"projectcalico.org/name"  value:"local-path-provisioner-service-account"}
[pod/calico-node-c2jhk/calico-node] 2026-07-12 14:55:55.390 [INFO][92] felix/int_dataplane.go 2514: Received *proto.ServiceAccountUpdate update from calculation graph. msg=id:{namespace:"kube-system"  name:"node-controller"}  labels:{key:"projectcalico.org/name"  value:"node-controller"}
[pod/calico-node-c2jhk/calico-node] 2026-07-12 14:55:55.390 [INFO][92] felix/int_dataplane.go 2514: Received *proto.ServiceAccountUpdate update from calculation graph. msg=id:{namespace:"kube-system"  name:"pv-protection-controller"}  labels:{key:"projectcalico.org/name"  value:"pv-protection-controller"}
[pod/calico-node-c2jhk/calico-node] 2026-07-12 14:55:55.390 [INFO][92] felix/int_dataplane.go 2514: Received *proto.ServiceAccountUpdate update from calculation graph. msg=id:{namespace:"kube-system"  name:"pod-garbage-collector"}  labels:{key:"projectcalico.org/name"  value:"pod-garbage-collector"}
[pod/calico-node-c2jhk/calico-node] 2026-07-12 14:55:55.390 [INFO][92] felix/int_dataplane.go 2514: Received *proto.ServiceAccountUpdate update from calculation graph. msg=id:{namespace:"kube-system"  name:"root-ca-cert-publisher"}  labels:{key:"projectcalico.org/name"  value:"root-ca-cert-publisher"}
[pod/calico-node-c2jhk/calico-node] 2026-07-12 14:55:55.390 [INFO][92] felix/int_dataplane.go 2514: Received *proto.ServiceAccountUpdate update from calculation graph. msg=id:{namespace:"kube-system"  name:"service-account-controller"}  labels:{key:"projectcalico.org/name"  value:"service-account-controller"}
[pod/calico-node-c2jhk/calico-node] 2026-07-12 14:55:55.390 [INFO][92] felix/int_dataplane.go 2514: Received *proto.ServiceAccountUpdate update from calculation graph. msg=id:{namespace:"kube-system"  name:"validatingadmissionpolicy-status-controller"}  labels:{key:"projectcalico.org/name"  value:"validatingadmissionpolicy-status-controller"}
[pod/calico-node-c2jhk/calico-node] 2026-07-12 14:55:55.390 [INFO][92] felix/int_dataplane.go 2514: Received *proto.ServiceAccountUpdate update from calculation graph. msg=id:{namespace:"local-path-storage"  name:"default"}  labels:{key:"projectcalico.org/name"  value:"default"}
[pod/calico-node-c2jhk/calico-node] 2026-07-12 14:55:55.390 [INFO][92] felix/int_dataplane.go 2514: Received *proto.ServiceAccountUpdate update from calculation graph. msg=id:{namespace:"kube-system"  name:"persistent-volume-binder"}  labels:{key:"projectcalico.org/name"  value:"persistent-volume-binder"}
[pod/calico-node-c2jhk/calico-node] 2026-07-12 14:55:55.390 [INFO][92] felix/int_dataplane.go 2514: Received *proto.ServiceAccountUpdate update from calculation graph. msg=id:{namespace:"kube-system"  name:"replicaset-controller"}  labels:{key:"projectcalico.org/name"  value:"replicaset-controller"}
[pod/calico-node-c2jhk/calico-node] 2026-07-12 14:55:55.390 [INFO][92] felix/int_dataplane.go 2514: Received *proto.ServiceAccountUpdate update from calculation graph. msg=id:{namespace:"kube-system"  name:"replication-controller"}  labels:{key:"projectcalico.org/name"  value:"replication-controller"}
[pod/calico-node-c2jhk/calico-node] 2026-07-12 14:55:55.390 [INFO][92] felix/int_dataplane.go 2514: Received *proto.ServiceAccountUpdate update from calculation graph. msg=id:{namespace:"kube-system"  name:"resource-claim-controller"}  labels:{key:"projectcalico.org/name"  value:"resource-claim-controller"}
[pod/calico-node-c2jhk/calico-node] 2026-07-12 14:55:55.390 [INFO][92] felix/int_dataplane.go 2514: Received *proto.Encapsulation update from calculation graph. msg=ipip_enabled:true
[pod/calico-node-c2jhk/calico-node] 2026-07-12 14:55:55.390 [INFO][92] felix/int_dataplane.go 2514: Received *proto.ServiceUpdate update from calculation graph. msg=name:"kubernetes"  namespace:"default"  type:"ClusterIP"  cluster_ips:"10.96.0.1"  ports:{Protocol:"TCP"  Port:443}
[pod/calico-node-c2jhk/calico-node] 2026-07-12 14:55:55.390 [INFO][92] felix/int_dataplane.go 2514: Received *proto.ServiceUpdate update from calculation graph. msg=name:"kube-dns"  namespace:"kube-system"  type:"ClusterIP"  cluster_ips:"10.96.0.10"  ports:{Protocol:"UDP"  Port:53}  ports:{Protocol:"TCP"  Port:53}  ports:{Protocol:"TCP"  Port:9153}
[pod/calico-node-c2jhk/calico-node] 2026-07-12 14:55:55.390 [INFO][92] felix/int_dataplane.go 2514: Received *proto.InSync update from calculation graph. msg=
[pod/calico-node-c2jhk/calico-node] 2026-07-12 14:55:55.390 [INFO][92] felix/int_dataplane.go 2524: Datastore in sync, flushing the dataplane for the first time... timeSinceStart=2.711330352s
[pod/calico-node-c2jhk/calico-node] 2026-07-12 14:55:55.392 [INFO][92] felix/masq_mgr.go 156: IPAM pools updated, refreshing iptables rule ipVersion=0x4
[pod/calico-node-c2jhk/calico-node] 2026-07-12 14:55:55.392 [INFO][92] felix/ipset_hosts_mgr.go 118: All-hosts IP set out-of sync, refreshing it. ipVersion=0x4
[pod/calico-node-c2jhk/calico-node] 2026-07-12 14:55:55.392 [INFO][92] felix/ipsets.go 179: Queueing IP set for creation family="inet" setID="all-hosts-net" setType="hash:net"
[pod/calico-node-c2jhk/calico-node] 2026-07-12 14:55:55.392 [INFO][92] felix/ipsets.go 179: Queueing IP set for creation family="inet" setID="dscp-src-net" setType="hash:net"
[pod/calico-node-c2jhk/calico-node] 2026-07-12 14:55:55.510 [INFO][92] felix/calc_graph.go 595: Local endpoint updated id=WorkloadEndpoint(node=article3-performance-worker3, orchestrator=k8s, workload=kube-system/calico-kube-controllers-77bdb5dddb-mnzxq, name=eth0)
[pod/calico-node-c2jhk/calico-node] 2026-07-12 14:55:55.545 [INFO][92] felix/int_dataplane.go 1843: Linux interface state changed. ifIndex=4 ifaceName="calico_tmp_B" state="down"
[pod/calico-node-c2jhk/calico-node] 2026-07-12 14:55:55.545 [INFO][92] felix/int_dataplane.go 1919: Linux interface addrs changed. addrs=set.Set{} ifaceName="calico_tmp_B"
[pod/calico-node-c2jhk/calico-node] 2026-07-12 14:55:55.546 [INFO][92] felix/int_dataplane.go 1843: Linux interface state changed. ifIndex=5 ifaceName="calico_tmp_A" state="down"
[pod/calico-node-c2jhk/calico-node] 2026-07-12 14:55:55.546 [INFO][92] felix/int_dataplane.go 1919: Linux interface addrs changed. addrs=set.Set{} ifaceName="calico_tmp_A"
[pod/calico-node-c2jhk/calico-node] 2026-07-12 14:55:55.585 [INFO][92] felix/int_dataplane.go 1843: Linux interface state changed. ifIndex=6 ifaceName="caliaebeb92a55f" state="down"
[pod/calico-node-c2jhk/calico-node] 2026-07-12 14:55:55.585 [INFO][92] felix/int_dataplane.go 1919: Linux interface addrs changed. addrs=set.Set{} ifaceName="caliaebeb92a55f"
[pod/calico-node-c2jhk/calico-node] 2026-07-12 14:55:55.586 [INFO][92] felix/int_dataplane.go 1843: Linux interface state changed. ifIndex=6 ifaceName="caliaebeb92a55f" state="up"
[pod/calico-node-c2jhk/calico-node] 2026-07-12 14:55:55.657 [INFO][92] felix/calc_graph.go 595: Local endpoint updated id=WorkloadEndpoint(node=article3-performance-worker3, orchestrator=k8s, workload=kube-system/coredns-7d764666f9-j5lb8, name=eth0)
[pod/calico-node-c2jhk/calico-node] 2026-07-12 14:55:55.687 [INFO][88] node-services/health.go 207: Number of node(s) with BGP peering established = 0
[pod/calico-node-c2jhk/calico-node] 2026-07-12 14:55:55.687 [INFO][88] node-services/health.go 207: Number of node(s) with BGP peering established = 0
[pod/calico-node-c2jhk/calico-node] 2026-07-12 14:55:55.687 [WARNING][88] node-services/startup.go 290: Calico is not ready yet, waiting... reason="calico/node is not ready: BIRD is not ready: BGP not established with 172.18.0.5,172.18.0.6,172.18.0.8"
[pod/calico-node-c2jhk/calico-node] 2026-07-12 14:55:55.691 [INFO][92] felix/int_dataplane.go 1843: Linux interface state changed. ifIndex=7 ifaceName="cali922f8883215" state="down"
[pod/calico-node-c2jhk/calico-node] 2026-07-12 14:55:55.691 [INFO][92] felix/int_dataplane.go 1919: Linux interface addrs changed. addrs=set.Set{} ifaceName="cali922f8883215"
[pod/calico-node-c2jhk/calico-node] 2026-07-12 14:55:55.692 [INFO][92] felix/int_dataplane.go 1843: Linux interface state changed. ifIndex=7 ifaceName="cali922f8883215" state="up"
[pod/calico-node-c2jhk/calico-node] 2026-07-12 14:55:55.793 [INFO][92] felix/calc_graph.go 595: Local endpoint updated id=WorkloadEndpoint(node=article3-performance-worker3, orchestrator=k8s, workload=kube-system/coredns-7d764666f9-d44n9, name=eth0)
[pod/calico-node-c2jhk/calico-node] 2026-07-12 14:55:55.852 [INFO][92] felix/int_dataplane.go 1843: Linux interface state changed. ifIndex=8 ifaceName="cali759d2145f6f" state="down"
[pod/calico-node-c2jhk/calico-node] 2026-07-12 14:55:55.853 [INFO][92] felix/int_dataplane.go 1919: Linux interface addrs changed. addrs=set.Set{} ifaceName="cali759d2145f6f"
[pod/calico-node-c2jhk/calico-node] 2026-07-12 14:55:55.854 [INFO][92] felix/int_dataplane.go 1843: Linux interface state changed. ifIndex=8 ifaceName="cali759d2145f6f" state="up"
[pod/calico-node-c2jhk/calico-node] 2026-07-12 14:55:55.894 [INFO][92] felix/wireguard.go 1740: Trying to connect to linkClient ipVersion=0x4
[pod/calico-node-c2jhk/calico-node] 2026-07-12 14:55:55.903 [INFO][92] felix/wireguard.go 646: Public key out of sync or updated ipVersion=0x4 ourPublicKey=AAAAAAAAAAAAAAAAAAAAAAAAAAAAAAAAAAAAAAAAAAA=
[pod/calico-node-c2jhk/calico-node] 2026-07-12 14:55:55.928 [INFO][92] felix/int_dataplane.go 1843: Linux interface state changed. ifIndex=5 ifaceName="calico_tmp_A" state=""
[pod/calico-node-c2jhk/calico-node] 2026-07-12 14:55:55.929 [INFO][92] felix/int_dataplane.go 1919: Linux interface addrs changed. addrs=<nil> ifaceName="calico_tmp_A"
[pod/calico-node-c2jhk/calico-node] 2026-07-12 14:55:55.929 [INFO][92] felix/int_dataplane.go 1843: Linux interface state changed. ifIndex=4 ifaceName="calico_tmp_B" state=""
[pod/calico-node-c2jhk/calico-node] 2026-07-12 14:55:55.929 [INFO][92] felix/int_dataplane.go 1919: Linux interface addrs changed. addrs=<nil> ifaceName="calico_tmp_B"
[pod/calico-node-c2jhk/calico-node] 2026-07-12 14:55:55.962 [INFO][92] felix/table.go 1110: Flushing chain chainName="filter-OUTPUT" family="arp" ipVersion=4 table="calico-arp"
[pod/calico-node-c2jhk/calico-node] bird: Mesh_172_18_0_6: Connected to table master
[pod/calico-node-c2jhk/calico-node] bird: Mesh_172_18_0_6: State changed to feed
[pod/calico-node-c2jhk/calico-node] bird: Mesh_172_18_0_6: State changed to up
[pod/calico-node-c2jhk/calico-node] bird: Mesh_172_18_0_5: Connected to table master
[pod/calico-node-c2jhk/calico-node] bird: Mesh_172_18_0_5: State changed to feed
[pod/calico-node-c2jhk/calico-node] bird: Mesh_172_18_0_5: State changed to up
[pod/calico-node-c2jhk/calico-node] 2026-07-12 14:55:55.990 [INFO][92] felix/int_dataplane.go 2464: Completed first update to dataplane. secsSinceStart=3.311463211
[pod/calico-node-c2jhk/calico-node] 2026-07-12 14:55:56.011 [INFO][92] felix/health.go 203: Health of component changed name="InternalDataplaneMainLoop" newReport="live,ready" oldReport="live,non-ready"
[pod/calico-node-c2jhk/calico-node] 2026-07-12 14:55:56.011 [INFO][92] felix/int_dataplane.go 2514: Received *proto.ActiveProfileUpdate update from calculation graph. msg=id:{name:"kns.kube-system"}  profile:{inbound_rules:{action:"allow"  rule_id:"YlN-KJA93B7Fe2ih"}  outbound_rules:{action:"allow"  rule_id:"GUM3x2IgYhIM5cBY"}}
[pod/calico-node-c2jhk/calico-node] 2026-07-12 14:55:56.012 [INFO][92] felix/int_dataplane.go 2514: Received *proto.ActiveProfileUpdate update from calculation graph. msg=id:{name:"ksa.kube-system.calico-kube-controllers"}  profile:{}
[pod/calico-node-c2jhk/calico-node] 2026-07-12 14:55:56.012 [INFO][92] felix/int_dataplane.go 2514: Received *proto.WorkloadEndpointUpdate update from calculation graph. msg=id:{orchestrator_id:"k8s"  workload_id:"kube-system/calico-kube-controllers-77bdb5dddb-mnzxq"  endpoint_id:"eth0"}  endpoint:{state:"active"  name:"caliaebeb92a55f"  profile_ids:"kns.kube-system"  profile_ids:"ksa.kube-system.calico-kube-controllers"  ipv4_nets:"192.168.8.65/32"}
[pod/calico-node-c2jhk/calico-node] 2026-07-12 14:55:56.012 [INFO][92] felix/int_dataplane.go 2514: Received *proto.ActiveProfileUpdate update from calculation graph. msg=id:{name:"ksa.kube-system.coredns"}  profile:{}
[pod/calico-node-c2jhk/calico-node] 2026-07-12 14:55:56.012 [INFO][92] felix/int_dataplane.go 2514: Received *proto.WorkloadEndpointUpdate update from calculation graph. msg=id:{orchestrator_id:"k8s"  workload_id:"kube-system/coredns-7d764666f9-j5lb8"  endpoint_id:"eth0"}  endpoint:{state:"active"  name:"cali922f8883215"  profile_ids:"kns.kube-system"  profile_ids:"ksa.kube-system.coredns"  ipv4_nets:"192.168.8.66/32"}
[pod/calico-node-c2jhk/calico-node] 2026-07-12 14:55:56.012 [INFO][92] felix/int_dataplane.go 2514: Received *proto.HostMetadataV4V6Update update from calculation graph. msg=hostname:"article3-performance-worker2"  ipv4_addr:"172.18.0.8/16"  labels:{key:"beta.kubernetes.io/arch"  value:"amd64"}  labels:{key:"beta.kubernetes.io/os"  value:"linux"}  labels:{key:"kubernetes.io/arch"  value:"amd64"}  labels:{key:"kubernetes.io/hostname"  value:"article3-performance-worker2"}  labels:{key:"kubernetes.io/os"  value:"linux"}
[pod/calico-node-c2jhk/calico-node] 2026-07-12 14:55:56.012 [INFO][92] felix/int_dataplane.go 2514: Received *proto.HostMetadataV4V6Update update from calculation graph. msg=hostname:"article3-performance-worker2"  ipv4_addr:"172.18.0.8/16"  labels:{key:"beta.kubernetes.io/arch"  value:"amd64"}  labels:{key:"beta.kubernetes.io/os"  value:"linux"}  labels:{key:"kubernetes.io/arch"  value:"amd64"}  labels:{key:"kubernetes.io/hostname"  value:"article3-performance-worker2"}  labels:{key:"kubernetes.io/os"  value:"linux"}
[pod/calico-node-c2jhk/calico-node] 2026-07-12 14:55:56.012 [INFO][92] felix/int_dataplane.go 2514: Received *proto.WorkloadEndpointUpdate update from calculation graph. msg=id:{orchestrator_id:"k8s"  workload_id:"kube-system/coredns-7d764666f9-d44n9"  endpoint_id:"eth0"}  endpoint:{state:"active"  name:"cali759d2145f6f"  profile_ids:"kns.kube-system"  profile_ids:"ksa.kube-system.coredns"  ipv4_nets:"192.168.8.67/32"}
[pod/calico-node-c2jhk/calico-node] 2026-07-12 14:55:56.012 [INFO][92] felix/int_dataplane.go 2514: Received *proto.HostMetadataV4V6Update update from calculation graph. msg=hostname:"article3-performance-worker"  ipv4_addr:"172.18.0.5/16"  labels:{key:"beta.kubernetes.io/arch"  value:"amd64"}  labels:{key:"beta.kubernetes.io/os"  value:"linux"}  labels:{key:"kubernetes.io/arch"  value:"amd64"}  labels:{key:"kubernetes.io/hostname"  value:"article3-performance-worker"}  labels:{key:"kubernetes.io/os"  value:"linux"}
[pod/calico-node-c2jhk/calico-node] 2026-07-12 14:55:56.012 [INFO][92] felix/int_dataplane.go 2514: Received *proto.HostMetadataV4V6Update update from calculation graph. msg=hostname:"article3-performance-worker"  ipv4_addr:"172.18.0.5/16"  labels:{key:"beta.kubernetes.io/arch"  value:"amd64"}  labels:{key:"beta.kubernetes.io/os"  value:"linux"}  labels:{key:"kubernetes.io/arch"  value:"amd64"}  labels:{key:"kubernetes.io/hostname"  value:"article3-performance-worker"}  labels:{key:"kubernetes.io/os"  value:"linux"}
[pod/calico-node-c2jhk/calico-node] 2026-07-12 14:55:56.012 [INFO][92] felix/int_dataplane.go 2480: Dataplane updates throttled
[pod/calico-node-c2jhk/calico-node] 2026-07-12 14:55:56.012 [INFO][92] felix/endpoint_mgr.go 790: Updating per-endpoint chains. id=types.WorkloadEndpointID{OrchestratorId:"k8s", WorkloadId:"kube-system/coredns-7d764666f9-d44n9", EndpointId:"eth0"}
[pod/calico-node-c2jhk/calico-node] 2026-07-12 14:55:56.012 [INFO][92] felix/endpoint_mgr.go 823: Updating endpoint routes. id=types.WorkloadEndpointID{OrchestratorId:"k8s", WorkloadId:"kube-system/coredns-7d764666f9-d44n9", EndpointId:"eth0"}
[pod/calico-node-c2jhk/calico-node] 2026-07-12 14:55:56.012 [INFO][92] felix/endpoint_mgr.go 836: Updating QoS bandwidth state if changed id=types.WorkloadEndpointID{OrchestratorId:"k8s", WorkloadId:"kube-system/coredns-7d764666f9-d44n9", EndpointId:"eth0"}
[pod/calico-node-c2jhk/calico-node] 2026-07-12 14:55:56.016 [INFO][92] felix/endpoint_mgr.go 790: Updating per-endpoint chains. id=types.WorkloadEndpointID{OrchestratorId:"k8s", WorkloadId:"kube-system/calico-kube-controllers-77bdb5dddb-mnzxq", EndpointId:"eth0"}
[pod/calico-node-c2jhk/calico-node] 2026-07-12 14:55:56.016 [INFO][92] felix/endpoint_mgr.go 823: Updating endpoint routes. id=types.WorkloadEndpointID{OrchestratorId:"k8s", WorkloadId:"kube-system/calico-kube-controllers-77bdb5dddb-mnzxq", EndpointId:"eth0"}
[pod/calico-node-c2jhk/calico-node] 2026-07-12 14:55:56.017 [INFO][92] felix/endpoint_mgr.go 836: Updating QoS bandwidth state if changed id=types.WorkloadEndpointID{OrchestratorId:"k8s", WorkloadId:"kube-system/calico-kube-controllers-77bdb5dddb-mnzxq", EndpointId:"eth0"}
[pod/calico-node-c2jhk/calico-node] 2026-07-12 14:55:56.018 [INFO][92] felix/endpoint_mgr.go 790: Updating per-endpoint chains. id=types.WorkloadEndpointID{OrchestratorId:"k8s", WorkloadId:"kube-system/coredns-7d764666f9-j5lb8", EndpointId:"eth0"}
[pod/calico-node-c2jhk/calico-node] 2026-07-12 14:55:56.018 [INFO][92] felix/calc_graph.go 595: Local endpoint updated id=WorkloadEndpoint(node=article3-performance-worker3, orchestrator=k8s, workload=local-path-storage/local-path-provisioner-67b8995b4b-7hc8p, name=eth0)
[pod/calico-node-c2jhk/calico-node] 2026-07-12 14:55:56.018 [INFO][92] felix/endpoint_mgr.go 823: Updating endpoint routes. id=types.WorkloadEndpointID{OrchestratorId:"k8s", WorkloadId:"kube-system/coredns-7d764666f9-j5lb8", EndpointId:"eth0"}
[pod/calico-node-c2jhk/calico-node] 2026-07-12 14:55:56.018 [INFO][92] felix/endpoint_mgr.go 836: Updating QoS bandwidth state if changed id=types.WorkloadEndpointID{OrchestratorId:"k8s", WorkloadId:"kube-system/coredns-7d764666f9-j5lb8", EndpointId:"eth0"}
[pod/calico-node-c2jhk/calico-node] 2026-07-12 14:55:56.020 [INFO][92] felix/ratelimitedlogger.go 216: Chain became referenced, marking it for programming chainName="filter-cali-arp-cali759d2145f6f" family="arp" ipVersion=4 table="calico-arp"
[pod/calico-node-c2jhk/calico-node] 2026-07-12 14:55:56.020 [INFO][92] felix/ratelimitedlogger.go 216: Chain became referenced, marking it for programming chainName="filter-cali-arp-caliaebeb92a55f" family="arp" ipVersion=4 table="calico-arp"
[pod/calico-node-c2jhk/calico-node] 2026-07-12 14:55:56.020 [INFO][92] felix/ratelimitedlogger.go 216: Chain became referenced, marking it for programming chainName="filter-cali-arp-cali922f8883215" family="arp" ipVersion=4 table="calico-arp"
[pod/calico-node-c2jhk/calico-node] 2026-07-12 14:55:56.020 [INFO][92] felix/ratelimitedlogger.go 216: Chain became referenced, marking it for programming chainName="cali-fw-cali759d2145f6f" ipVersion=0x4 table="filter"
[pod/calico-node-c2jhk/calico-node] 2026-07-12 14:55:56.020 [INFO][92] felix/ratelimitedlogger.go 216: Chain became referenced, marking it for programming chainName="cali-pro-kns.kube-system" ipVersion=0x4 table="filter"
[pod/calico-node-c2jhk/calico-node] 2026-07-12 14:55:56.020 [INFO][92] felix/ratelimitedlogger.go 216: Chain became referenced, marking it for programming chainName="cali-pro-_u2Tn2rSoAPffvE7JO6" ipVersion=0x4 table="filter"
[pod/calico-node-c2jhk/calico-node] 2026-07-12 14:55:56.020 [INFO][92] felix/ratelimitedlogger.go 216: Chain became referenced, marking it for programming chainName="cali-fw-cali922f8883215" ipVersion=0x4 table="filter"
[pod/calico-node-c2jhk/calico-node] 2026-07-12 14:55:56.020 [INFO][92] felix/ratelimitedlogger.go 216: Chain became referenced, marking it for programming chainName="cali-fw-caliaebeb92a55f" ipVersion=0x4 table="filter"
[pod/calico-node-c2jhk/calico-node] 2026-07-12 14:55:56.020 [INFO][92] felix/ratelimitedlogger.go 216: Chain became referenced, marking it for programming chainName="cali-pro-_PTRGc0U-L5Kz7V6ERW" ipVersion=0x4 table="filter"
[pod/calico-node-c2jhk/calico-node] 2026-07-12 14:55:56.020 [INFO][92] felix/ratelimitedlogger.go 216: Chain became referenced, marking it for programming chainName="cali-tw-cali759d2145f6f" ipVersion=0x4 table="filter"
[pod/calico-node-c2jhk/calico-node] 2026-07-12 14:55:56.020 [INFO][92] felix/ratelimitedlogger.go 216: Chain became referenced, marking it for programming chainName="cali-pri-kns.kube-system" ipVersion=0x4 table="filter"
[pod/calico-node-c2jhk/calico-node] 2026-07-12 14:55:56.020 [INFO][92] felix/ratelimitedlogger.go 216: Chain became referenced, marking it for programming chainName="cali-pri-_u2Tn2rSoAPffvE7JO6" ipVersion=0x4 table="filter"
[pod/calico-node-c2jhk/calico-node] 2026-07-12 14:55:56.020 [INFO][92] felix/ratelimitedlogger.go 216: Chain became referenced, marking it for programming chainName="cali-tw-cali922f8883215" ipVersion=0x4 table="filter"
[pod/calico-node-c2jhk/calico-node] 2026-07-12 14:55:56.020 [INFO][92] felix/ratelimitedlogger.go 216: Chain became referenced, marking it for programming chainName="cali-tw-caliaebeb92a55f" ipVersion=0x4 table="filter"
[pod/calico-node-c2jhk/calico-node] 2026-07-12 14:55:56.020 [INFO][92] felix/ratelimitedlogger.go 216: Chain became referenced, marking it for programming chainName="cali-pri-_PTRGc0U-L5Kz7V6ERW" ipVersion=0x4 table="filter"
[pod/calico-node-c2jhk/calico-node] 2026-07-12 14:55:56.020 [INFO][92] felix/endpoint_mgr.go 1658: Skipping configuration of interface because it is oper down. ifaceName="cali759d2145f6f"
[pod/calico-node-c2jhk/calico-node] 2026-07-12 14:55:56.020 [INFO][92] felix/endpoint_mgr.go 1658: Skipping configuration of interface because it is oper down. ifaceName="caliaebeb92a55f"
[pod/calico-node-c2jhk/calico-node] 2026-07-12 14:55:56.020 [INFO][92] felix/endpoint_mgr.go 1658: Skipping configuration of interface because it is oper down. ifaceName="cali922f8883215"
[pod/calico-node-c2jhk/calico-node] 2026-07-12 14:55:56.020 [INFO][92] felix/endpoint_mgr.go 663: Re-evaluated workload endpoint status adminUp=true failed=false known=true operUp=false status="down" workloadEndpointID=types.WorkloadEndpointID{OrchestratorId:"k8s", WorkloadId:"kube-system/coredns-7d764666f9-d44n9", EndpointId:"eth0"}
[pod/calico-node-c2jhk/calico-node] 2026-07-12 14:55:56.020 [INFO][92] felix/status_combiner.go 62: Storing endpoint status update ipVersion=0x4 status="down" workload=types.WorkloadEndpointID{OrchestratorId:"k8s", WorkloadId:"kube-system/coredns-7d764666f9-d44n9", EndpointId:"eth0"}
[pod/calico-node-c2jhk/calico-node] 2026-07-12 14:55:56.020 [INFO][92] felix/endpoint_mgr.go 663: Re-evaluated workload endpoint status adminUp=true failed=false known=true operUp=false status="down" workloadEndpointID=types.WorkloadEndpointID{OrchestratorId:"k8s", WorkloadId:"kube-system/calico-kube-controllers-77bdb5dddb-mnzxq", EndpointId:"eth0"}
[pod/calico-node-c2jhk/calico-node] 2026-07-12 14:55:56.020 [INFO][92] felix/status_combiner.go 62: Storing endpoint status update ipVersion=0x4 status="down" workload=types.WorkloadEndpointID{OrchestratorId:"k8s", WorkloadId:"kube-system/calico-kube-controllers-77bdb5dddb-mnzxq", EndpointId:"eth0"}
[pod/calico-node-c2jhk/calico-node] 2026-07-12 14:55:56.020 [INFO][92] felix/endpoint_mgr.go 663: Re-evaluated workload endpoint status adminUp=true failed=false known=true operUp=false status="down" workloadEndpointID=types.WorkloadEndpointID{OrchestratorId:"k8s", WorkloadId:"kube-system/coredns-7d764666f9-j5lb8", EndpointId:"eth0"}
[pod/calico-node-c2jhk/calico-node] 2026-07-12 14:55:56.020 [INFO][92] felix/status_combiner.go 62: Storing endpoint status update ipVersion=0x4 status="down" workload=types.WorkloadEndpointID{OrchestratorId:"k8s", WorkloadId:"kube-system/coredns-7d764666f9-j5lb8", EndpointId:"eth0"}
[pod/calico-node-c2jhk/calico-node] 2026-07-12 14:55:56.020 [INFO][92] felix/ipset_hosts_mgr.go 118: All-hosts IP set out-of sync, refreshing it. ipVersion=0x4
[pod/calico-node-c2jhk/calico-node] 2026-07-12 14:55:56.020 [INFO][92] felix/ipsets.go 179: Queueing IP set for creation family="inet" setID="all-hosts-net" setType="hash:net"
[pod/calico-node-c2jhk/calico-node] 2026-07-12 14:55:56.039 [INFO][92] felix/maps.go 399: Resync found members missing from dataplane. family="inet" mapName="filter-cali-arp-dispatch" numMissing=3
[pod/calico-node-c2jhk/calico-node] 2026-07-12 14:55:56.077 [INFO][92] felix/int_dataplane.go 1843: Linux interface state changed. ifIndex=9 ifaceName="cali91c7e50ddcd" state="down"
[pod/calico-node-c2jhk/calico-node] 2026-07-12 14:55:56.077 [INFO][92] felix/int_dataplane.go 1919: Linux interface addrs changed. addrs=set.Set{} ifaceName="cali91c7e50ddcd"
[pod/calico-node-c2jhk/calico-node] 2026-07-12 14:55:56.083 [INFO][92] felix/int_dataplane.go 1843: Linux interface state changed. ifIndex=9 ifaceName="cali91c7e50ddcd" state="up"
[pod/calico-node-c2jhk/calico-node] 2026-07-12 14:55:56.091 [INFO][92] felix/status_combiner.go 92: Endpoint down for at least one IP version id=types.WorkloadEndpointID{OrchestratorId:"k8s", WorkloadId:"kube-system/coredns-7d764666f9-d44n9", EndpointId:"eth0"} ipVersion=0x4 status="down"
[pod/calico-node-c2jhk/calico-node] 2026-07-12 14:55:56.092 [INFO][92] felix/status_combiner.go 114: Reporting combined status. id=types.WorkloadEndpointID{OrchestratorId:"k8s", WorkloadId:"kube-system/coredns-7d764666f9-d44n9", EndpointId:"eth0"} status="down"
[pod/calico-node-c2jhk/calico-node] 2026-07-12 14:55:56.092 [INFO][92] felix/status_combiner.go 92: Endpoint down for at least one IP version id=types.WorkloadEndpointID{OrchestratorId:"k8s", WorkloadId:"kube-system/calico-kube-controllers-77bdb5dddb-mnzxq", EndpointId:"eth0"} ipVersion=0x4 status="down"
[pod/calico-node-c2jhk/calico-node] 2026-07-12 14:55:56.092 [INFO][92] felix/status_combiner.go 114: Reporting combined status. id=types.WorkloadEndpointID{OrchestratorId:"k8s", WorkloadId:"kube-system/calico-kube-controllers-77bdb5dddb-mnzxq", EndpointId:"eth0"} status="down"
[pod/calico-node-c2jhk/calico-node] 2026-07-12 14:55:56.092 [INFO][92] felix/status_combiner.go 92: Endpoint down for at least one IP version id=types.WorkloadEndpointID{OrchestratorId:"k8s", WorkloadId:"kube-system/coredns-7d764666f9-j5lb8", EndpointId:"eth0"} ipVersion=0x4 status="down"
[pod/calico-node-c2jhk/calico-node] 2026-07-12 14:55:56.092 [INFO][92] felix/status_combiner.go 114: Reporting combined status. id=types.WorkloadEndpointID{OrchestratorId:"k8s", WorkloadId:"kube-system/coredns-7d764666f9-j5lb8", EndpointId:"eth0"} status="down"
[pod/calico-node-c2jhk/calico-node] 2026-07-12 14:55:56.092 [INFO][92] felix/int_dataplane.go 2582: Received interface update msg=&intdataplane.ifaceStateUpdate{Name:"calico_tmp_B", State:"down", Index:4}
[pod/calico-node-c2jhk/calico-node] 2026-07-12 14:55:56.092 [INFO][92] felix/int_dataplane.go 2609: Received interface addresses update msg=&intdataplane.ifaceAddrsUpdate{Name:"calico_tmp_B", Addrs:set.Typed[string]{}}
[pod/calico-node-c2jhk/calico-node] 2026-07-12 14:55:56.092 [INFO][92] felix/hostip_mgr.go 83: Interface addrs changed. update=&intdataplane.ifaceAddrsUpdate{Name:"calico_tmp_B", Addrs:set.Typed[string]{}}
[pod/calico-node-c2jhk/calico-node] 2026-07-12 14:55:56.092 [INFO][92] felix/int_dataplane.go 2582: Received interface update msg=&intdataplane.ifaceStateUpdate{Name:"calico_tmp_A", State:"down", Index:5}
[pod/calico-node-c2jhk/calico-node] 2026-07-12 14:55:56.092 [INFO][92] felix/int_dataplane.go 2609: Received interface addresses update msg=&intdataplane.ifaceAddrsUpdate{Name:"calico_tmp_A", Addrs:set.Typed[string]{}}
[pod/calico-node-c2jhk/calico-node] 2026-07-12 14:55:56.092 [INFO][92] felix/hostip_mgr.go 83: Interface addrs changed. update=&intdataplane.ifaceAddrsUpdate{Name:"calico_tmp_A", Addrs:set.Typed[string]{}}
[pod/calico-node-c2jhk/calico-node] 2026-07-12 14:55:56.092 [INFO][92] felix/int_dataplane.go 2582: Received interface update msg=&intdataplane.ifaceStateUpdate{Name:"caliaebeb92a55f", State:"down", Index:6}
[pod/calico-node-c2jhk/calico-node] 2026-07-12 14:55:56.093 [INFO][92] felix/int_dataplane.go 2609: Received interface addresses update msg=&intdataplane.ifaceAddrsUpdate{Name:"caliaebeb92a55f", Addrs:set.Typed[string]{}}
[pod/calico-node-c2jhk/calico-node] 2026-07-12 14:55:56.093 [INFO][92] felix/hostip_mgr.go 83: Interface addrs changed. update=&intdataplane.ifaceAddrsUpdate{Name:"caliaebeb92a55f", Addrs:set.Typed[string]{}}
[pod/calico-node-c2jhk/calico-node] 2026-07-12 14:55:56.093 [INFO][92] felix/int_dataplane.go 2582: Received interface update msg=&intdataplane.ifaceStateUpdate{Name:"caliaebeb92a55f", State:"up", Index:6}
[pod/calico-node-c2jhk/calico-node] 2026-07-12 14:55:56.093 [INFO][92] felix/int_dataplane.go 2582: Received interface update msg=&intdataplane.ifaceStateUpdate{Name:"cali922f8883215", State:"down", Index:7}
[pod/calico-node-c2jhk/calico-node] 2026-07-12 14:55:56.093 [INFO][92] felix/int_dataplane.go 2609: Received interface addresses update msg=&intdataplane.ifaceAddrsUpdate{Name:"cali922f8883215", Addrs:set.Typed[string]{}}
[pod/calico-node-c2jhk/calico-node] 2026-07-12 14:55:56.093 [INFO][92] felix/hostip_mgr.go 83: Interface addrs changed. update=&intdataplane.ifaceAddrsUpdate{Name:"cali922f8883215", Addrs:set.Typed[string]{}}
[pod/calico-node-c2jhk/calico-node] 2026-07-12 14:55:56.093 [INFO][92] felix/int_dataplane.go 2582: Received interface update msg=&intdataplane.ifaceStateUpdate{Name:"cali922f8883215", State:"up", Index:7}
[pod/calico-node-c2jhk/calico-node] 2026-07-12 14:55:56.093 [INFO][92] felix/int_dataplane.go 2582: Received interface update msg=&intdataplane.ifaceStateUpdate{Name:"cali759d2145f6f", State:"down", Index:8}
[pod/calico-node-c2jhk/calico-node] 2026-07-12 14:55:56.093 [INFO][92] felix/int_dataplane.go 2609: Received interface addresses update msg=&intdataplane.ifaceAddrsUpdate{Name:"cali759d2145f6f", Addrs:set.Typed[string]{}}
[pod/calico-node-c2jhk/calico-node] 2026-07-12 14:55:56.093 [INFO][92] felix/hostip_mgr.go 83: Interface addrs changed. update=&intdataplane.ifaceAddrsUpdate{Name:"cali759d2145f6f", Addrs:set.Typed[string]{}}
[pod/calico-node-c2jhk/calico-node] 2026-07-12 14:55:56.093 [INFO][92] felix/int_dataplane.go 2582: Received interface update msg=&intdataplane.ifaceStateUpdate{Name:"cali759d2145f6f", State:"up", Index:8}
[pod/calico-node-c2jhk/calico-node] 2026-07-12 14:55:56.093 [INFO][92] felix/int_dataplane.go 2582: Received interface update msg=&intdataplane.ifaceStateUpdate{Name:"calico_tmp_A", State:"", Index:5}
[pod/calico-node-c2jhk/calico-node] 2026-07-12 14:55:56.093 [INFO][92] felix/int_dataplane.go 2609: Received interface addresses update msg=&intdataplane.ifaceAddrsUpdate{Name:"calico_tmp_A", Addrs:set.Set[string](nil)}
[pod/calico-node-c2jhk/calico-node] 2026-07-12 14:55:56.093 [INFO][92] felix/hostip_mgr.go 83: Interface addrs changed. update=&intdataplane.ifaceAddrsUpdate{Name:"calico_tmp_A", Addrs:set.Set[string](nil)}
[pod/calico-node-c2jhk/calico-node] 2026-07-12 14:55:56.093 [INFO][92] felix/int_dataplane.go 2582: Received interface update msg=&intdataplane.ifaceStateUpdate{Name:"calico_tmp_B", State:"", Index:4}
[pod/calico-node-c2jhk/calico-node] 2026-07-12 14:55:56.093 [INFO][92] felix/int_dataplane.go 2609: Received interface addresses update msg=&intdataplane.ifaceAddrsUpdate{Name:"calico_tmp_B", Addrs:set.Set[string](nil)}
[pod/calico-node-c2jhk/calico-node] 2026-07-12 14:55:56.093 [INFO][92] felix/hostip_mgr.go 83: Interface addrs changed. update=&intdataplane.ifaceAddrsUpdate{Name:"calico_tmp_B", Addrs:set.Set[string](nil)}
[pod/calico-node-c2jhk/calico-node] 2026-07-12 14:55:56.093 [INFO][92] felix/int_dataplane.go 2582: Received interface update msg=&intdataplane.ifaceStateUpdate{Name:"cali91c7e50ddcd", State:"down", Index:9}
[pod/calico-node-c2jhk/calico-node] 2026-07-12 14:55:56.093 [INFO][92] felix/int_dataplane.go 2609: Received interface addresses update msg=&intdataplane.ifaceAddrsUpdate{Name:"cali91c7e50ddcd", Addrs:set.Typed[string]{}}
[pod/calico-node-c2jhk/calico-node] 2026-07-12 14:55:56.093 [INFO][92] felix/hostip_mgr.go 83: Interface addrs changed. update=&intdataplane.ifaceAddrsUpdate{Name:"cali91c7e50ddcd", Addrs:set.Typed[string]{}}
[pod/calico-node-c2jhk/calico-node] 2026-07-12 14:55:56.093 [INFO][92] felix/int_dataplane.go 2582: Received interface update msg=&intdataplane.ifaceStateUpdate{Name:"cali91c7e50ddcd", State:"up", Index:9}
[pod/calico-node-c2jhk/calico-node] 2026-07-12 14:55:56.093 [INFO][92] felix/endpoint_mgr.go 493: Workload interface came up, marking for reconfiguration. ifaceName="caliaebeb92a55f"
[pod/calico-node-c2jhk/calico-node] 2026-07-12 14:55:56.093 [INFO][92] felix/endpoint_mgr.go 604: Workload interface state changed; marking for status update. ifaceName="caliaebeb92a55f"
[pod/calico-node-c2jhk/calico-node] 2026-07-12 14:55:56.093 [INFO][92] felix/endpoint_mgr.go 493: Workload interface came up, marking for reconfiguration. ifaceName="cali922f8883215"
[pod/calico-node-c2jhk/calico-node] 2026-07-12 14:55:56.093 [INFO][92] felix/endpoint_mgr.go 604: Workload interface state changed; marking for status update. ifaceName="cali922f8883215"
[pod/calico-node-c2jhk/calico-node] 2026-07-12 14:55:56.093 [INFO][92] felix/endpoint_mgr.go 493: Workload interface came up, marking for reconfiguration. ifaceName="cali759d2145f6f"
[pod/calico-node-c2jhk/calico-node] 2026-07-12 14:55:56.093 [INFO][92] felix/endpoint_mgr.go 604: Workload interface state changed; marking for status update. ifaceName="cali759d2145f6f"
[pod/calico-node-c2jhk/calico-node] 2026-07-12 14:55:56.093 [INFO][92] felix/endpoint_mgr.go 493: Workload interface came up, marking for reconfiguration. ifaceName="cali91c7e50ddcd"
[pod/calico-node-c2jhk/calico-node] 2026-07-12 14:55:56.094 [INFO][92] felix/endpoint_mgr.go 1589: Applying /proc/sys configuration to interface. ifaceName="caliaebeb92a55f"
[pod/calico-node-c2jhk/calico-node] 2026-07-12 14:55:56.094 [INFO][92] felix/endpoint_mgr.go 1589: Applying /proc/sys configuration to interface. ifaceName="cali922f8883215"
[pod/calico-node-c2jhk/calico-node] 2026-07-12 14:55:56.094 [INFO][92] felix/endpoint_mgr.go 1589: Applying /proc/sys configuration to interface. ifaceName="cali759d2145f6f"
[pod/calico-node-c2jhk/calico-node] 2026-07-12 14:55:56.095 [INFO][92] felix/endpoint_mgr.go 1589: Applying /proc/sys configuration to interface. ifaceName="cali91c7e50ddcd"
[pod/calico-node-c2jhk/calico-node] 2026-07-12 14:55:56.095 [INFO][92] felix/endpoint_mgr.go 663: Re-evaluated workload endpoint status adminUp=true failed=false known=true operUp=true status="up" workloadEndpointID=types.WorkloadEndpointID{OrchestratorId:"k8s", WorkloadId:"kube-system/calico-kube-controllers-77bdb5dddb-mnzxq", EndpointId:"eth0"}
[pod/calico-node-c2jhk/calico-node] 2026-07-12 14:55:56.095 [INFO][92] felix/status_combiner.go 62: Storing endpoint status update ipVersion=0x4 status="up" workload=types.WorkloadEndpointID{OrchestratorId:"k8s", WorkloadId:"kube-system/calico-kube-controllers-77bdb5dddb-mnzxq", EndpointId:"eth0"}
[pod/calico-node-c2jhk/calico-node] 2026-07-12 14:55:56.095 [INFO][92] felix/endpoint_mgr.go 663: Re-evaluated workload endpoint status adminUp=true failed=false known=true operUp=true status="up" workloadEndpointID=types.WorkloadEndpointID{OrchestratorId:"k8s", WorkloadId:"kube-system/coredns-7d764666f9-j5lb8", EndpointId:"eth0"}
[pod/calico-node-c2jhk/calico-node] 2026-07-12 14:55:56.095 [INFO][92] felix/status_combiner.go 62: Storing endpoint status update ipVersion=0x4 status="up" workload=types.WorkloadEndpointID{OrchestratorId:"k8s", WorkloadId:"kube-system/coredns-7d764666f9-j5lb8", EndpointId:"eth0"}
[pod/calico-node-c2jhk/calico-node] 2026-07-12 14:55:56.095 [INFO][92] felix/endpoint_mgr.go 663: Re-evaluated workload endpoint status adminUp=true failed=false known=true operUp=true status="up" workloadEndpointID=types.WorkloadEndpointID{OrchestratorId:"k8s", WorkloadId:"kube-system/coredns-7d764666f9-d44n9", EndpointId:"eth0"}
[pod/calico-node-c2jhk/calico-node] 2026-07-12 14:55:56.096 [INFO][92] felix/status_combiner.go 62: Storing endpoint status update ipVersion=0x4 status="up" workload=types.WorkloadEndpointID{OrchestratorId:"k8s", WorkloadId:"kube-system/coredns-7d764666f9-d44n9", EndpointId:"eth0"}
[pod/calico-node-c2jhk/calico-node] 2026-07-12 14:55:56.130 [INFO][92] felix/status_combiner.go 95: Endpoint up for at least one IP version id=types.WorkloadEndpointID{OrchestratorId:"k8s", WorkloadId:"kube-system/coredns-7d764666f9-j5lb8", EndpointId:"eth0"} ipVersion=0x4 status="up"
[pod/calico-node-c2jhk/calico-node] 2026-07-12 14:55:56.130 [INFO][92] felix/status_combiner.go 114: Reporting combined status. id=types.WorkloadEndpointID{OrchestratorId:"k8s", WorkloadId:"kube-system/coredns-7d764666f9-j5lb8", EndpointId:"eth0"} status="up"
[pod/calico-node-c2jhk/calico-node] 2026-07-12 14:55:56.130 [INFO][92] felix/status_combiner.go 95: Endpoint up for at least one IP version id=types.WorkloadEndpointID{OrchestratorId:"k8s", WorkloadId:"kube-system/coredns-7d764666f9-d44n9", EndpointId:"eth0"} ipVersion=0x4 status="up"
[pod/calico-node-c2jhk/calico-node] 2026-07-12 14:55:56.130 [INFO][92] felix/status_combiner.go 114: Reporting combined status. id=types.WorkloadEndpointID{OrchestratorId:"k8s", WorkloadId:"kube-system/coredns-7d764666f9-d44n9", EndpointId:"eth0"} status="up"
[pod/calico-node-c2jhk/calico-node] 2026-07-12 14:55:56.130 [INFO][92] felix/status_combiner.go 95: Endpoint up for at least one IP version id=types.WorkloadEndpointID{OrchestratorId:"k8s", WorkloadId:"kube-system/calico-kube-controllers-77bdb5dddb-mnzxq", EndpointId:"eth0"} ipVersion=0x4 status="up"
[pod/calico-node-c2jhk/calico-node] 2026-07-12 14:55:56.130 [INFO][92] felix/status_combiner.go 114: Reporting combined status. id=types.WorkloadEndpointID{OrchestratorId:"k8s", WorkloadId:"kube-system/calico-kube-controllers-77bdb5dddb-mnzxq", EndpointId:"eth0"} status="up"
[pod/calico-node-c2jhk/calico-node] 2026-07-12 14:55:56.130 [INFO][92] felix/int_dataplane.go 2514: Received *proto.ActiveProfileUpdate update from calculation graph. msg=id:{name:"ksa.local-path-storage.local-path-provisioner-service-account"}  profile:{}
[pod/calico-node-c2jhk/calico-node] 2026-07-12 14:55:56.130 [INFO][92] felix/int_dataplane.go 2514: Received *proto.ActiveProfileUpdate update from calculation graph. msg=id:{name:"kns.local-path-storage"}  profile:{inbound_rules:{action:"allow"  rule_id:"vDNJzsadzbVOH01h"}  outbound_rules:{action:"allow"  rule_id:"J_SSRzdh-BFuWRSz"}}
[pod/calico-node-c2jhk/calico-node] 2026-07-12 14:55:56.130 [INFO][92] felix/int_dataplane.go 2514: Received *proto.WorkloadEndpointUpdate update from calculation graph. msg=id:{orchestrator_id:"k8s"  workload_id:"local-path-storage/local-path-provisioner-67b8995b4b-7hc8p"  endpoint_id:"eth0"}  endpoint:{state:"active"  name:"cali91c7e50ddcd"  profile_ids:"kns.local-path-storage"  profile_ids:"ksa.local-path-storage.local-path-provisioner-service-account"  ipv4_nets:"192.168.8.68/32"}
[pod/calico-node-c2jhk/calico-node] 2026-07-12 14:55:56.130 [INFO][92] felix/endpoint_mgr.go 790: Updating per-endpoint chains. id=types.WorkloadEndpointID{OrchestratorId:"k8s", WorkloadId:"local-path-storage/local-path-provisioner-67b8995b4b-7hc8p", EndpointId:"eth0"}
[pod/calico-node-c2jhk/calico-node] 2026-07-12 14:55:56.130 [INFO][92] felix/endpoint_mgr.go 823: Updating endpoint routes. id=types.WorkloadEndpointID{OrchestratorId:"k8s", WorkloadId:"local-path-storage/local-path-provisioner-67b8995b4b-7hc8p", EndpointId:"eth0"}
[pod/calico-node-c2jhk/calico-node] 2026-07-12 14:55:56.130 [INFO][92] felix/endpoint_mgr.go 836: Updating QoS bandwidth state if changed id=types.WorkloadEndpointID{OrchestratorId:"k8s", WorkloadId:"local-path-storage/local-path-provisioner-67b8995b4b-7hc8p", EndpointId:"eth0"}
[pod/calico-node-c2jhk/calico-node] 2026-07-12 14:55:56.131 [INFO][92] felix/ratelimitedlogger.go 216: Chain became referenced, marking it for programming chainName="filter-cali-arp-cali91c7e50ddcd" family="arp" ipVersion=4 table="calico-arp"
[pod/calico-node-c2jhk/calico-node] 2026-07-12 14:55:56.131 [INFO][92] felix/ratelimitedlogger.go 216: Chain became referenced, marking it for programming chainName="cali-from-wl-dispatch-9" ipVersion=0x4 table="filter"
[pod/calico-node-c2jhk/calico-node] 2026-07-12 14:55:56.131 [INFO][92] felix/ratelimitedlogger.go 216: Chain became referenced, marking it for programming chainName="cali-fw-cali91c7e50ddcd" ipVersion=0x4 table="filter"
[pod/calico-node-c2jhk/calico-node] 2026-07-12 14:55:56.131 [INFO][92] felix/ratelimitedlogger.go 216: Chain became referenced, marking it for programming chainName="cali-pro-_Fbc9Uzqla4kSgumjTb" ipVersion=0x4 table="filter"
[pod/calico-node-c2jhk/calico-node] 2026-07-12 14:55:56.131 [INFO][92] felix/ratelimitedlogger.go 216: Chain became referenced, marking it for programming chainName="cali-pro-_NB9zZ6CLqAwN85RObG" ipVersion=0x4 table="filter"
[pod/calico-node-c2jhk/calico-node] 2026-07-12 14:55:56.131 [INFO][92] felix/ratelimitedlogger.go 216: Chain became referenced, marking it for programming chainName="cali-to-wl-dispatch-9" ipVersion=0x4 table="filter"
[pod/calico-node-c2jhk/calico-node] 2026-07-12 14:55:56.131 [INFO][92] felix/ratelimitedlogger.go 216: Chain became referenced, marking it for programming chainName="cali-tw-cali91c7e50ddcd" ipVersion=0x4 table="filter"
[pod/calico-node-c2jhk/calico-node] 2026-07-12 14:55:56.132 [INFO][92] felix/ratelimitedlogger.go 216: Chain became referenced, marking it for programming chainName="cali-pri-_Fbc9Uzqla4kSgumjTb" ipVersion=0x4 table="filter"
[pod/calico-node-c2jhk/calico-node] 2026-07-12 14:55:56.132 [INFO][92] felix/ratelimitedlogger.go 216: Chain became referenced, marking it for programming chainName="cali-pri-_NB9zZ6CLqAwN85RObG" ipVersion=0x4 table="filter"
[pod/calico-node-c2jhk/calico-node] 2026-07-12 14:55:56.132 [INFO][92] felix/endpoint_mgr.go 1589: Applying /proc/sys configuration to interface. ifaceName="cali91c7e50ddcd"
[pod/calico-node-c2jhk/calico-node] 2026-07-12 14:55:56.132 [INFO][92] felix/endpoint_mgr.go 663: Re-evaluated workload endpoint status adminUp=true failed=false known=true operUp=true status="up" workloadEndpointID=types.WorkloadEndpointID{OrchestratorId:"k8s", WorkloadId:"local-path-storage/local-path-provisioner-67b8995b4b-7hc8p", EndpointId:"eth0"}
[pod/calico-node-c2jhk/calico-node] 2026-07-12 14:55:56.132 [INFO][92] felix/status_combiner.go 62: Storing endpoint status update ipVersion=0x4 status="up" workload=types.WorkloadEndpointID{OrchestratorId:"k8s", WorkloadId:"local-path-storage/local-path-provisioner-67b8995b4b-7hc8p", EndpointId:"eth0"}
[pod/calico-node-c2jhk/calico-node] 2026-07-12 14:55:56.146 [INFO][92] felix/maps.go 399: Resync found members missing from dataplane. family="inet" mapName="filter-cali-arp-dispatch" numMissing=1
[pod/calico-node-c2jhk/calico-node] bird: Mesh_172_18_0_8: Connected to table master
[pod/calico-node-c2jhk/calico-node] bird: Mesh_172_18_0_8: State changed to feed
[pod/calico-node-c2jhk/calico-node] bird: Mesh_172_18_0_8: State changed to up
[pod/calico-node-c2jhk/calico-node] bird: Graceful restart done
[pod/calico-node-c2jhk/calico-node] 2026-07-12 14:55:56.202 [INFO][92] felix/status_combiner.go 95: Endpoint up for at least one IP version id=types.WorkloadEndpointID{OrchestratorId:"k8s", WorkloadId:"local-path-storage/local-path-provisioner-67b8995b4b-7hc8p", EndpointId:"eth0"} ipVersion=0x4 status="up"
[pod/calico-node-c2jhk/calico-node] 2026-07-12 14:55:56.203 [INFO][92] felix/status_combiner.go 114: Reporting combined status. id=types.WorkloadEndpointID{OrchestratorId:"k8s", WorkloadId:"local-path-storage/local-path-provisioner-67b8995b4b-7hc8p", EndpointId:"eth0"} status="up"
[pod/calico-node-c2jhk/calico-node] 2026-07-12 14:55:56.689 [INFO][88] node-services/health.go 207: Number of node(s) with BGP peering established = 0
[pod/calico-node-c2jhk/calico-node] 2026-07-12 14:55:56.689 [INFO][88] node-services/health.go 207: Number of node(s) with BGP peering established = 3
[pod/calico-node-c2jhk/calico-node] 2026-07-12 14:55:56.689 [INFO][92] felix/health.go 333: Overall health status changed: live=true ready=true
[pod/calico-node-c2jhk/calico-node] +---------------------------+---------+----------------+-----------------+--------+
[pod/calico-node-c2jhk/calico-node] |         COMPONENT         | TIMEOUT |    LIVENESS    |    READINESS    | DETAIL |
[pod/calico-node-c2jhk/calico-node] +---------------------------+---------+----------------+-----------------+--------+
[pod/calico-node-c2jhk/calico-node] | CalculationGraph          | 30s     | reporting live | reporting ready |        |
[pod/calico-node-c2jhk/calico-node] | FelixStartup              | -       | reporting live | reporting ready |        |
[pod/calico-node-c2jhk/calico-node] | InternalDataplaneMainLoop | 1m30s   | reporting live | reporting ready |        |
[pod/calico-node-c2jhk/calico-node] +---------------------------+---------+----------------+-----------------+--------+
[pod/calico-node-c2jhk/calico-node] 2026-07-12 14:55:56.690 [INFO][88] node-services/utils.go 125: Using NODENAME environment for node name article3-performance-worker3
[pod/calico-node-c2jhk/calico-node] 2026-07-12 14:55:56.690 [INFO][88] node-services/utils.go 137: Determined node name: article3-performance-worker3
[pod/calico-node-c2jhk/calico-node] 2026-07-12 14:55:56.691 [INFO][88] node-services/utils.go 191: Setting NetworkUnavailable to false
[pod/calico-node-c2jhk/calico-node] 2026-07-12 14:55:56.718 [INFO][92] felix/int_dataplane.go 2514: Received *proto.HostMetadataV4V6Update update from calculation graph. msg=hostname:"article3-performance-worker3"  ipv4_addr:"172.18.0.7/16"  labels:{key:"beta.kubernetes.io/arch"  value:"amd64"}  labels:{key:"beta.kubernetes.io/os"  value:"linux"}  labels:{key:"kubernetes.io/arch"  value:"amd64"}  labels:{key:"kubernetes.io/hostname"  value:"article3-performance-worker3"}  labels:{key:"kubernetes.io/os"  value:"linux"}
[pod/calico-node-c2jhk/calico-node] 2026-07-12 14:55:56.718 [INFO][92] felix/int_dataplane.go 2436: Dataplane updates no longer throttled
[pod/calico-node-c2jhk/calico-node] 2026-07-12 14:55:56.718 [INFO][92] felix/ipset_hosts_mgr.go 118: All-hosts IP set out-of sync, refreshing it. ipVersion=0x4
[pod/calico-node-c2jhk/calico-node] 2026-07-12 14:55:56.718 [INFO][92] felix/ipsets.go 179: Queueing IP set for creation family="inet" setID="all-hosts-net" setType="hash:net"
[pod/calico-node-c2jhk/calico-node] 2026-07-12 14:55:56.719 [INFO][88] node-services/startup.go 346: Calico started successfully
[pod/calico-node-c2jhk/calico-node] 2026-07-12 14:55:56.813 [INFO][92] felix/iface_monitor.go 246: Netlink address update for known interface.  addr="fe80::ecee:eeff:feee:eeee" exists=true ifIndex=7
[pod/calico-node-c2jhk/calico-node] 2026-07-12 14:55:56.813 [INFO][92] felix/int_dataplane.go 1919: Linux interface addrs changed. addrs=set.Set{fe80::ecee:eeff:feee:eeee} ifaceName="cali922f8883215"
[pod/calico-node-c2jhk/calico-node] 2026-07-12 14:55:56.813 [INFO][92] felix/int_dataplane.go 2609: Received interface addresses update msg=&intdataplane.ifaceAddrsUpdate{Name:"cali922f8883215", Addrs:set.Typed[string]{"fe80::ecee:eeff:feee:eeee":set.v{}}}
[pod/calico-node-c2jhk/calico-node] 2026-07-12 14:55:56.813 [INFO][92] felix/hostip_mgr.go 83: Interface addrs changed. update=&intdataplane.ifaceAddrsUpdate{Name:"cali922f8883215", Addrs:set.Typed[string]{"fe80::ecee:eeff:feee:eeee":set.v{}}}
[pod/calico-node-c2jhk/calico-node] 2026-07-12 14:55:56.977 [INFO][92] felix/iface_monitor.go 246: Netlink address update for known interface.  addr="fe80::ecee:eeff:feee:eeee" exists=true ifIndex=8
[pod/calico-node-c2jhk/calico-node] 2026-07-12 14:55:56.977 [INFO][92] felix/int_dataplane.go 1919: Linux interface addrs changed. addrs=set.Set{fe80::ecee:eeff:feee:eeee} ifaceName="cali759d2145f6f"
[pod/calico-node-c2jhk/calico-node] 2026-07-12 14:55:56.977 [INFO][92] felix/int_dataplane.go 2609: Received interface addresses update msg=&intdataplane.ifaceAddrsUpdate{Name:"cali759d2145f6f", Addrs:set.Typed[string]{"fe80::ecee:eeff:feee:eeee":set.v{}}}
[pod/calico-node-c2jhk/calico-node] 2026-07-12 14:55:56.977 [INFO][92] felix/hostip_mgr.go 83: Interface addrs changed. update=&intdataplane.ifaceAddrsUpdate{Name:"cali759d2145f6f", Addrs:set.Typed[string]{"fe80::ecee:eeff:feee:eeee":set.v{}}}
[pod/calico-node-c2jhk/calico-node] 2026-07-12 14:55:57.199 [INFO][92] felix/int_dataplane.go 2514: Received *proto.HostMetadataV4V6Update update from calculation graph. msg=hostname:"article3-performance-worker2"  ipv4_addr:"172.18.0.8/16"  labels:{key:"beta.kubernetes.io/arch"  value:"amd64"}  labels:{key:"beta.kubernetes.io/os"  value:"linux"}  labels:{key:"kubernetes.io/arch"  value:"amd64"}  labels:{key:"kubernetes.io/hostname"  value:"article3-performance-worker2"}  labels:{key:"kubernetes.io/os"  value:"linux"}
[pod/calico-node-c2jhk/calico-node] 2026-07-12 14:55:57.199 [INFO][92] felix/ipset_hosts_mgr.go 118: All-hosts IP set out-of sync, refreshing it. ipVersion=0x4
[pod/calico-node-c2jhk/calico-node] 2026-07-12 14:55:57.199 [INFO][92] felix/ipsets.go 179: Queueing IP set for creation family="inet" setID="all-hosts-net" setType="hash:net"
[pod/calico-node-c2jhk/calico-node] 2026-07-12 14:55:57.232 [INFO][92] felix/iface_monitor.go 246: Netlink address update for known interface.  addr="fe80::ecee:eeff:feee:eeee" exists=true ifIndex=9
[pod/calico-node-c2jhk/calico-node] 2026-07-12 14:55:57.232 [INFO][92] felix/int_dataplane.go 1919: Linux interface addrs changed. addrs=set.Set{fe80::ecee:eeff:feee:eeee} ifaceName="cali91c7e50ddcd"
[pod/calico-node-c2jhk/calico-node] 2026-07-12 14:55:57.237 [INFO][92] felix/int_dataplane.go 2609: Received interface addresses update msg=&intdataplane.ifaceAddrsUpdate{Name:"cali91c7e50ddcd", Addrs:set.Typed[string]{"fe80::ecee:eeff:feee:eeee":set.v{}}}
[pod/calico-node-c2jhk/calico-node] 2026-07-12 14:55:57.237 [INFO][92] felix/hostip_mgr.go 83: Interface addrs changed. update=&intdataplane.ifaceAddrsUpdate{Name:"cali91c7e50ddcd", Addrs:set.Typed[string]{"fe80::ecee:eeff:feee:eeee":set.v{}}}
[pod/calico-node-c2jhk/calico-node] 2026-07-12 14:55:57.272 [INFO][92] felix/calc_graph.go 595: Local endpoint updated id=WorkloadEndpoint(node=article3-performance-worker3, orchestrator=k8s, workload=kube-system/calico-kube-controllers-77bdb5dddb-mnzxq, name=eth0)
[pod/calico-node-c2jhk/calico-node] 2026-07-12 14:55:57.278 [INFO][92] felix/int_dataplane.go 2514: Received *proto.WorkloadEndpointUpdate update from calculation graph. msg=id:{orchestrator_id:"k8s"  workload_id:"kube-system/calico-kube-controllers-77bdb5dddb-mnzxq"  endpoint_id:"eth0"}  endpoint:{state:"active"  name:"caliaebeb92a55f"  profile_ids:"kns.kube-system"  profile_ids:"ksa.kube-system.calico-kube-controllers"  ipv4_nets:"192.168.8.65/32"}
[pod/calico-node-c2jhk/calico-node] 2026-07-12 14:55:57.278 [INFO][92] felix/endpoint_mgr.go 790: Updating per-endpoint chains. id=types.WorkloadEndpointID{OrchestratorId:"k8s", WorkloadId:"kube-system/calico-kube-controllers-77bdb5dddb-mnzxq", EndpointId:"eth0"}
[pod/calico-node-c2jhk/calico-node] 2026-07-12 14:55:57.278 [INFO][92] felix/endpoint_mgr.go 823: Updating endpoint routes. id=types.WorkloadEndpointID{OrchestratorId:"k8s", WorkloadId:"kube-system/calico-kube-controllers-77bdb5dddb-mnzxq", EndpointId:"eth0"}
[pod/calico-node-c2jhk/calico-node] 2026-07-12 14:55:57.278 [INFO][92] felix/endpoint_mgr.go 836: Updating QoS bandwidth state if changed id=types.WorkloadEndpointID{OrchestratorId:"k8s", WorkloadId:"kube-system/calico-kube-controllers-77bdb5dddb-mnzxq", EndpointId:"eth0"}
[pod/calico-node-c2jhk/calico-node] 2026-07-12 14:55:57.282 [INFO][92] felix/endpoint_mgr.go 1589: Applying /proc/sys configuration to interface. ifaceName="caliaebeb92a55f"
[pod/calico-node-c2jhk/calico-node] 2026-07-12 14:55:57.282 [INFO][92] felix/endpoint_mgr.go 663: Re-evaluated workload endpoint status adminUp=true failed=false known=true operUp=true status="up" workloadEndpointID=types.WorkloadEndpointID{OrchestratorId:"k8s", WorkloadId:"kube-system/calico-kube-controllers-77bdb5dddb-mnzxq", EndpointId:"eth0"}
[pod/calico-node-c2jhk/calico-node] 2026-07-12 14:55:57.282 [INFO][92] felix/status_combiner.go 62: Storing endpoint status update ipVersion=0x4 status="up" workload=types.WorkloadEndpointID{OrchestratorId:"k8s", WorkloadId:"kube-system/calico-kube-controllers-77bdb5dddb-mnzxq", EndpointId:"eth0"}
[pod/calico-node-c2jhk/calico-node] 2026-07-12 14:55:57.321 [INFO][92] felix/status_combiner.go 95: Endpoint up for at least one IP version id=types.WorkloadEndpointID{OrchestratorId:"k8s", WorkloadId:"kube-system/calico-kube-controllers-77bdb5dddb-mnzxq", EndpointId:"eth0"} ipVersion=0x4 status="up"
[pod/calico-node-c2jhk/calico-node] 2026-07-12 14:55:57.322 [INFO][92] felix/status_combiner.go 114: Reporting combined status. id=types.WorkloadEndpointID{OrchestratorId:"k8s", WorkloadId:"kube-system/calico-kube-controllers-77bdb5dddb-mnzxq", EndpointId:"eth0"} status="up"
[pod/calico-node-c2jhk/calico-node] 2026-07-12 14:55:57.360 [INFO][92] felix/iface_monitor.go 246: Netlink address update for known interface.  addr="fe80::ecee:eeff:feee:eeee" exists=true ifIndex=6
[pod/calico-node-c2jhk/calico-node] 2026-07-12 14:55:57.360 [INFO][92] felix/int_dataplane.go 1919: Linux interface addrs changed. addrs=set.Set{fe80::ecee:eeff:feee:eeee} ifaceName="caliaebeb92a55f"
[pod/calico-node-c2jhk/calico-node] 2026-07-12 14:55:57.360 [INFO][92] felix/int_dataplane.go 2609: Received interface addresses update msg=&intdataplane.ifaceAddrsUpdate{Name:"caliaebeb92a55f", Addrs:set.Typed[string]{"fe80::ecee:eeff:feee:eeee":set.v{}}}
[pod/calico-node-c2jhk/calico-node] 2026-07-12 14:55:57.360 [INFO][92] felix/hostip_mgr.go 83: Interface addrs changed. update=&intdataplane.ifaceAddrsUpdate{Name:"caliaebeb92a55f", Addrs:set.Typed[string]{"fe80::ecee:eeff:feee:eeee":set.v{}}}
[pod/calico-node-c2jhk/calico-node] 2026-07-12 14:55:57.439 [INFO][92] felix/int_dataplane.go 2514: Received *proto.HostMetadataV4V6Update update from calculation graph. msg=hostname:"article3-performance-control-plane"  ipv4_addr:"172.18.0.6/16"  labels:{key:"beta.kubernetes.io/arch"  value:"amd64"}  labels:{key:"beta.kubernetes.io/os"  value:"linux"}  labels:{key:"kubernetes.io/arch"  value:"amd64"}  labels:{key:"kubernetes.io/hostname"  value:"article3-performance-control-plane"}  labels:{key:"kubernetes.io/os"  value:"linux"}  labels:{key:"node-role.kubernetes.io/control-plane"  value:""}  labels:{key:"node.kubernetes.io/exclude-from-external-load-balancers"  value:""}
[pod/calico-node-c2jhk/calico-node] 2026-07-12 14:55:57.440 [INFO][92] felix/ipset_hosts_mgr.go 118: All-hosts IP set out-of sync, refreshing it. ipVersion=0x4
[pod/calico-node-c2jhk/calico-node] 2026-07-12 14:55:57.440 [INFO][92] felix/ipsets.go 179: Queueing IP set for creation family="inet" setID="all-hosts-net" setType="hash:net"
[pod/calico-node-c2jhk/calico-node] 2026-07-12 14:55:57.443 [INFO][92] felix/calc_graph.go 595: Local endpoint updated id=WorkloadEndpoint(node=article3-performance-worker3, orchestrator=k8s, workload=kube-system/calico-kube-controllers-77bdb5dddb-mnzxq, name=eth0)
[pod/calico-node-c2jhk/calico-node] 2026-07-12 14:55:57.484 [INFO][92] felix/int_dataplane.go 2514: Received *proto.WorkloadEndpointUpdate update from calculation graph. msg=id:{orchestrator_id:"k8s"  workload_id:"kube-system/calico-kube-controllers-77bdb5dddb-mnzxq"  endpoint_id:"eth0"}  endpoint:{state:"active"  name:"caliaebeb92a55f"  profile_ids:"kns.kube-system"  profile_ids:"ksa.kube-system.calico-kube-controllers"  ipv4_nets:"192.168.8.65/32"}
[pod/calico-node-c2jhk/calico-node] 2026-07-12 14:55:57.484 [INFO][92] felix/endpoint_mgr.go 790: Updating per-endpoint chains. id=types.WorkloadEndpointID{OrchestratorId:"k8s", WorkloadId:"kube-system/calico-kube-controllers-77bdb5dddb-mnzxq", EndpointId:"eth0"}
[pod/calico-node-c2jhk/calico-node] 2026-07-12 14:55:57.485 [INFO][92] felix/endpoint_mgr.go 823: Updating endpoint routes. id=types.WorkloadEndpointID{OrchestratorId:"k8s", WorkloadId:"kube-system/calico-kube-controllers-77bdb5dddb-mnzxq", EndpointId:"eth0"}
[pod/calico-node-c2jhk/calico-node] 2026-07-12 14:55:57.485 [INFO][92] felix/endpoint_mgr.go 836: Updating QoS bandwidth state if changed id=types.WorkloadEndpointID{OrchestratorId:"k8s", WorkloadId:"kube-system/calico-kube-controllers-77bdb5dddb-mnzxq", EndpointId:"eth0"}
[pod/calico-node-c2jhk/calico-node] 2026-07-12 14:55:57.486 [INFO][92] felix/endpoint_mgr.go 1589: Applying /proc/sys configuration to interface. ifaceName="caliaebeb92a55f"
[pod/calico-node-c2jhk/calico-node] 2026-07-12 14:55:57.486 [INFO][92] felix/endpoint_mgr.go 663: Re-evaluated workload endpoint status adminUp=true failed=false known=true operUp=true status="up" workloadEndpointID=types.WorkloadEndpointID{OrchestratorId:"k8s", WorkloadId:"kube-system/calico-kube-controllers-77bdb5dddb-mnzxq", EndpointId:"eth0"}
[pod/calico-node-c2jhk/calico-node] 2026-07-12 14:55:57.486 [INFO][92] felix/status_combiner.go 62: Storing endpoint status update ipVersion=0x4 status="up" workload=types.WorkloadEndpointID{OrchestratorId:"k8s", WorkloadId:"kube-system/calico-kube-controllers-77bdb5dddb-mnzxq", EndpointId:"eth0"}
[pod/calico-node-c2jhk/calico-node] 2026-07-12 14:55:57.526 [INFO][92] felix/status_combiner.go 95: Endpoint up for at least one IP version id=types.WorkloadEndpointID{OrchestratorId:"k8s", WorkloadId:"kube-system/calico-kube-controllers-77bdb5dddb-mnzxq", EndpointId:"eth0"} ipVersion=0x4 status="up"
[pod/calico-node-c2jhk/calico-node] 2026-07-12 14:55:57.526 [INFO][92] felix/status_combiner.go 114: Reporting combined status. id=types.WorkloadEndpointID{OrchestratorId:"k8s", WorkloadId:"kube-system/calico-kube-controllers-77bdb5dddb-mnzxq", EndpointId:"eth0"} status="up"
[pod/calico-node-c2jhk/calico-node] 2026-07-12 14:55:58.056 [INFO][92] felix/int_dataplane.go 2514: Received *proto.HostMetadataV4V6Update update from calculation graph. msg=hostname:"article3-performance-worker"  ipv4_addr:"172.18.0.5/16"  labels:{key:"beta.kubernetes.io/arch"  value:"amd64"}  labels:{key:"beta.kubernetes.io/os"  value:"linux"}  labels:{key:"kubernetes.io/arch"  value:"amd64"}  labels:{key:"kubernetes.io/hostname"  value:"article3-performance-worker"}  labels:{key:"kubernetes.io/os"  value:"linux"}
[pod/calico-node-c2jhk/calico-node] 2026-07-12 14:55:58.056 [INFO][92] felix/ipset_hosts_mgr.go 118: All-hosts IP set out-of sync, refreshing it. ipVersion=0x4
[pod/calico-node-c2jhk/calico-node] 2026-07-12 14:55:58.056 [INFO][92] felix/ipsets.go 179: Queueing IP set for creation family="inet" setID="all-hosts-net" setType="hash:net"
[pod/calico-node-c2jhk/calico-node] 2026-07-12 14:56:00.275 [INFO][92] felix/calc_graph.go 595: Local endpoint updated id=WorkloadEndpoint(node=article3-performance-worker3, orchestrator=k8s, workload=kube-system/coredns-7d764666f9-d44n9, name=eth0)
[pod/calico-node-c2jhk/calico-node] 2026-07-12 14:56:00.275 [INFO][92] felix/int_dataplane.go 2514: Received *proto.WorkloadEndpointUpdate update from calculation graph. msg=id:{orchestrator_id:"k8s"  workload_id:"kube-system/coredns-7d764666f9-d44n9"  endpoint_id:"eth0"}  endpoint:{state:"active"  name:"cali759d2145f6f"  profile_ids:"kns.kube-system"  profile_ids:"ksa.kube-system.coredns"  ipv4_nets:"192.168.8.67/32"}
[pod/calico-node-c2jhk/calico-node] 2026-07-12 14:56:00.275 [INFO][92] felix/endpoint_mgr.go 790: Updating per-endpoint chains. id=types.WorkloadEndpointID{OrchestratorId:"k8s", WorkloadId:"kube-system/coredns-7d764666f9-d44n9", EndpointId:"eth0"}
[pod/calico-node-c2jhk/calico-node] 2026-07-12 14:56:00.275 [INFO][92] felix/endpoint_mgr.go 823: Updating endpoint routes. id=types.WorkloadEndpointID{OrchestratorId:"k8s", WorkloadId:"kube-system/coredns-7d764666f9-d44n9", EndpointId:"eth0"}
[pod/calico-node-c2jhk/calico-node] 2026-07-12 14:56:00.275 [INFO][92] felix/endpoint_mgr.go 836: Updating QoS bandwidth state if changed id=types.WorkloadEndpointID{OrchestratorId:"k8s", WorkloadId:"kube-system/coredns-7d764666f9-d44n9", EndpointId:"eth0"}
[pod/calico-node-c2jhk/calico-node] 2026-07-12 14:56:00.278 [INFO][92] felix/endpoint_mgr.go 1589: Applying /proc/sys configuration to interface. ifaceName="cali759d2145f6f"
[pod/calico-node-c2jhk/calico-node] 2026-07-12 14:56:00.278 [INFO][92] felix/endpoint_mgr.go 663: Re-evaluated workload endpoint status adminUp=true failed=false known=true operUp=true status="up" workloadEndpointID=types.WorkloadEndpointID{OrchestratorId:"k8s", WorkloadId:"kube-system/coredns-7d764666f9-d44n9", EndpointId:"eth0"}
[pod/calico-node-c2jhk/calico-node] 2026-07-12 14:56:00.278 [INFO][92] felix/status_combiner.go 62: Storing endpoint status update ipVersion=0x4 status="up" workload=types.WorkloadEndpointID{OrchestratorId:"k8s", WorkloadId:"kube-system/coredns-7d764666f9-d44n9", EndpointId:"eth0"}
[pod/calico-node-c2jhk/calico-node] 2026-07-12 14:56:00.320 [INFO][92] felix/calc_graph.go 595: Local endpoint updated id=WorkloadEndpoint(node=article3-performance-worker3, orchestrator=k8s, workload=kube-system/coredns-7d764666f9-j5lb8, name=eth0)
[pod/calico-node-c2jhk/calico-node] 2026-07-12 14:56:00.336 [INFO][92] felix/status_combiner.go 95: Endpoint up for at least one IP version id=types.WorkloadEndpointID{OrchestratorId:"k8s", WorkloadId:"kube-system/coredns-7d764666f9-d44n9", EndpointId:"eth0"} ipVersion=0x4 status="up"
[pod/calico-node-c2jhk/calico-node] 2026-07-12 14:56:00.336 [INFO][92] felix/status_combiner.go 114: Reporting combined status. id=types.WorkloadEndpointID{OrchestratorId:"k8s", WorkloadId:"kube-system/coredns-7d764666f9-d44n9", EndpointId:"eth0"} status="up"
[pod/calico-node-c2jhk/calico-node] 2026-07-12 14:56:00.336 [INFO][92] felix/int_dataplane.go 2514: Received *proto.WorkloadEndpointUpdate update from calculation graph. msg=id:{orchestrator_id:"k8s"  workload_id:"kube-system/coredns-7d764666f9-j5lb8"  endpoint_id:"eth0"}  endpoint:{state:"active"  name:"cali922f8883215"  profile_ids:"kns.kube-system"  profile_ids:"ksa.kube-system.coredns"  ipv4_nets:"192.168.8.66/32"}
[pod/calico-node-c2jhk/calico-node] 2026-07-12 14:56:00.336 [INFO][92] felix/endpoint_mgr.go 790: Updating per-endpoint chains. id=types.WorkloadEndpointID{OrchestratorId:"k8s", WorkloadId:"kube-system/coredns-7d764666f9-j5lb8", EndpointId:"eth0"}
[pod/calico-node-c2jhk/calico-node] 2026-07-12 14:56:00.336 [INFO][92] felix/endpoint_mgr.go 823: Updating endpoint routes. id=types.WorkloadEndpointID{OrchestratorId:"k8s", WorkloadId:"kube-system/coredns-7d764666f9-j5lb8", EndpointId:"eth0"}
[pod/calico-node-c2jhk/calico-node] 2026-07-12 14:56:00.336 [INFO][92] felix/endpoint_mgr.go 836: Updating QoS bandwidth state if changed id=types.WorkloadEndpointID{OrchestratorId:"k8s", WorkloadId:"kube-system/coredns-7d764666f9-j5lb8", EndpointId:"eth0"}
[pod/calico-node-c2jhk/calico-node] 2026-07-12 14:56:00.337 [INFO][92] felix/endpoint_mgr.go 1589: Applying /proc/sys configuration to interface. ifaceName="cali922f8883215"
[pod/calico-node-c2jhk/calico-node] 2026-07-12 14:56:00.338 [INFO][92] felix/endpoint_mgr.go 663: Re-evaluated workload endpoint status adminUp=true failed=false known=true operUp=true status="up" workloadEndpointID=types.WorkloadEndpointID{OrchestratorId:"k8s", WorkloadId:"kube-system/coredns-7d764666f9-j5lb8", EndpointId:"eth0"}
[pod/calico-node-c2jhk/calico-node] 2026-07-12 14:56:00.338 [INFO][92] felix/status_combiner.go 62: Storing endpoint status update ipVersion=0x4 status="up" workload=types.WorkloadEndpointID{OrchestratorId:"k8s", WorkloadId:"kube-system/coredns-7d764666f9-j5lb8", EndpointId:"eth0"}
[pod/calico-node-c2jhk/calico-node] 2026-07-12 14:56:00.381 [INFO][92] felix/status_combiner.go 95: Endpoint up for at least one IP version id=types.WorkloadEndpointID{OrchestratorId:"k8s", WorkloadId:"kube-system/coredns-7d764666f9-j5lb8", EndpointId:"eth0"} ipVersion=0x4 status="up"
[pod/calico-node-c2jhk/calico-node] 2026-07-12 14:56:00.381 [INFO][92] felix/status_combiner.go 114: Reporting combined status. id=types.WorkloadEndpointID{OrchestratorId:"k8s", WorkloadId:"kube-system/coredns-7d764666f9-j5lb8", EndpointId:"eth0"} status="up"
[pod/calico-node-c2jhk/calico-node] 2026-07-12 14:56:00.414 [INFO][92] felix/calc_graph.go 595: Local endpoint updated id=WorkloadEndpoint(node=article3-performance-worker3, orchestrator=k8s, workload=kube-system/coredns-7d764666f9-d44n9, name=eth0)
[pod/calico-node-c2jhk/calico-node] 2026-07-12 14:56:00.414 [INFO][92] felix/int_dataplane.go 2514: Received *proto.WorkloadEndpointUpdate update from calculation graph. msg=id:{orchestrator_id:"k8s"  workload_id:"kube-system/coredns-7d764666f9-d44n9"  endpoint_id:"eth0"}  endpoint:{state:"active"  name:"cali759d2145f6f"  profile_ids:"kns.kube-system"  profile_ids:"ksa.kube-system.coredns"  ipv4_nets:"192.168.8.67/32"}
[pod/calico-node-c2jhk/calico-node] 2026-07-12 14:56:00.414 [INFO][92] felix/endpoint_mgr.go 790: Updating per-endpoint chains. id=types.WorkloadEndpointID{OrchestratorId:"k8s", WorkloadId:"kube-system/coredns-7d764666f9-d44n9", EndpointId:"eth0"}
[pod/calico-node-c2jhk/calico-node] 2026-07-12 14:56:00.414 [INFO][92] felix/endpoint_mgr.go 823: Updating endpoint routes. id=types.WorkloadEndpointID{OrchestratorId:"k8s", WorkloadId:"kube-system/coredns-7d764666f9-d44n9", EndpointId:"eth0"}
[pod/calico-node-c2jhk/calico-node] 2026-07-12 14:56:00.414 [INFO][92] felix/endpoint_mgr.go 836: Updating QoS bandwidth state if changed id=types.WorkloadEndpointID{OrchestratorId:"k8s", WorkloadId:"kube-system/coredns-7d764666f9-d44n9", EndpointId:"eth0"}
[pod/calico-node-c2jhk/calico-node] 2026-07-12 14:56:00.415 [INFO][92] felix/endpoint_mgr.go 1589: Applying /proc/sys configuration to interface. ifaceName="cali759d2145f6f"
[pod/calico-node-c2jhk/calico-node] 2026-07-12 14:56:00.415 [INFO][92] felix/endpoint_mgr.go 663: Re-evaluated workload endpoint status adminUp=true failed=false known=true operUp=true status="up" workloadEndpointID=types.WorkloadEndpointID{OrchestratorId:"k8s", WorkloadId:"kube-system/coredns-7d764666f9-d44n9", EndpointId:"eth0"}
[pod/calico-node-c2jhk/calico-node] 2026-07-12 14:56:00.416 [INFO][92] felix/status_combiner.go 62: Storing endpoint status update ipVersion=0x4 status="up" workload=types.WorkloadEndpointID{OrchestratorId:"k8s", WorkloadId:"kube-system/coredns-7d764666f9-d44n9", EndpointId:"eth0"}
[pod/calico-node-c2jhk/calico-node] 2026-07-12 14:56:00.471 [INFO][92] felix/status_combiner.go 95: Endpoint up for at least one IP version id=types.WorkloadEndpointID{OrchestratorId:"k8s", WorkloadId:"kube-system/coredns-7d764666f9-d44n9", EndpointId:"eth0"} ipVersion=0x4 status="up"
[pod/calico-node-c2jhk/calico-node] 2026-07-12 14:56:00.471 [INFO][92] felix/status_combiner.go 114: Reporting combined status. id=types.WorkloadEndpointID{OrchestratorId:"k8s", WorkloadId:"kube-system/coredns-7d764666f9-d44n9", EndpointId:"eth0"} status="up"
[pod/calico-node-c2jhk/calico-node] 2026-07-12 14:56:01.279 [INFO][92] felix/calc_graph.go 595: Local endpoint updated id=WorkloadEndpoint(node=article3-performance-worker3, orchestrator=k8s, workload=local-path-storage/local-path-provisioner-67b8995b4b-7hc8p, name=eth0)
[pod/calico-node-c2jhk/calico-node] 2026-07-12 14:56:01.280 [INFO][92] felix/int_dataplane.go 2514: Received *proto.WorkloadEndpointUpdate update from calculation graph. msg=id:{orchestrator_id:"k8s"  workload_id:"local-path-storage/local-path-provisioner-67b8995b4b-7hc8p"  endpoint_id:"eth0"}  endpoint:{state:"active"  name:"cali91c7e50ddcd"  profile_ids:"kns.local-path-storage"  profile_ids:"ksa.local-path-storage.local-path-provisioner-service-account"  ipv4_nets:"192.168.8.68/32"}
[pod/calico-node-c2jhk/calico-node] 2026-07-12 14:56:01.280 [INFO][92] felix/endpoint_mgr.go 790: Updating per-endpoint chains. id=types.WorkloadEndpointID{OrchestratorId:"k8s", WorkloadId:"local-path-storage/local-path-provisioner-67b8995b4b-7hc8p", EndpointId:"eth0"}
[pod/calico-node-c2jhk/calico-node] 2026-07-12 14:56:01.280 [INFO][92] felix/endpoint_mgr.go 823: Updating endpoint routes. id=types.WorkloadEndpointID{OrchestratorId:"k8s", WorkloadId:"local-path-storage/local-path-provisioner-67b8995b4b-7hc8p", EndpointId:"eth0"}
[pod/calico-node-c2jhk/calico-node] 2026-07-12 14:56:01.280 [INFO][92] felix/endpoint_mgr.go 836: Updating QoS bandwidth state if changed id=types.WorkloadEndpointID{OrchestratorId:"k8s", WorkloadId:"local-path-storage/local-path-provisioner-67b8995b4b-7hc8p", EndpointId:"eth0"}
[pod/calico-node-c2jhk/calico-node] 2026-07-12 14:56:01.282 [INFO][92] felix/endpoint_mgr.go 1589: Applying /proc/sys configuration to interface. ifaceName="cali91c7e50ddcd"
[pod/calico-node-c2jhk/calico-node] 2026-07-12 14:56:01.282 [INFO][92] felix/endpoint_mgr.go 663: Re-evaluated workload endpoint status adminUp=true failed=false known=true operUp=true status="up" workloadEndpointID=types.WorkloadEndpointID{OrchestratorId:"k8s", WorkloadId:"local-path-storage/local-path-provisioner-67b8995b4b-7hc8p", EndpointId:"eth0"}
[pod/calico-node-c2jhk/calico-node] 2026-07-12 14:56:01.282 [INFO][92] felix/status_combiner.go 62: Storing endpoint status update ipVersion=0x4 status="up" workload=types.WorkloadEndpointID{OrchestratorId:"k8s", WorkloadId:"local-path-storage/local-path-provisioner-67b8995b4b-7hc8p", EndpointId:"eth0"}
[pod/calico-node-c2jhk/calico-node] 2026-07-12 14:56:01.318 [INFO][92] felix/status_combiner.go 95: Endpoint up for at least one IP version id=types.WorkloadEndpointID{OrchestratorId:"k8s", WorkloadId:"local-path-storage/local-path-provisioner-67b8995b4b-7hc8p", EndpointId:"eth0"} ipVersion=0x4 status="up"
[pod/calico-node-c2jhk/calico-node] 2026-07-12 14:56:01.319 [INFO][92] felix/status_combiner.go 114: Reporting combined status. id=types.WorkloadEndpointID{OrchestratorId:"k8s", WorkloadId:"local-path-storage/local-path-provisioner-67b8995b4b-7hc8p", EndpointId:"eth0"} status="up"
[pod/calico-node-c2jhk/calico-node] 2026-07-12 14:56:12.039 [INFO][92] felix/int_dataplane.go 2514: Received *proto.NamespaceUpdate update from calculation graph. msg=id:{name:"article3-cni-check"}  labels:{key:"kubernetes.io/metadata.name"  value:"article3-cni-check"}  labels:{key:"projectcalico.org/name"  value:"article3-cni-check"}
[pod/calico-node-c2jhk/calico-node] 2026-07-12 14:56:12.104 [INFO][92] felix/int_dataplane.go 2514: Received *proto.ServiceAccountUpdate update from calculation graph. msg=id:{namespace:"article3-cni-check"  name:"default"}  labels:{key:"projectcalico.org/name"  value:"default"}
[pod/calico-node-c2jhk/calico-node] 2026-07-12 14:56:12.914 [INFO][92] felix/int_dataplane.go 2514: Received *proto.ServiceUpdate update from calculation graph. msg=name:"server"  namespace:"article3-cni-check"  type:"ClusterIP"  cluster_ips:"10.96.173.141"  ports:{Protocol:"TCP"  Port:8080}
[pod/calico-node-c2jhk/calico-node] 2026-07-12 14:56:22.750 [INFO][89] confd/status_file_watcher.go 123: Started watching directory via fsnotify. dir="/var/run/calico/endpoint-status"
[pod/calico-node-c2jhk/calico-node] 2026-07-12 14:56:27.062 [INFO][92] felix/label_inheritance_index.go 187: Updating selector id=Policy(Name=deny-client-egress, Namespace=article3-cni-check, Kind=KubernetesNetworkPolicy) selector=((projectcalico.org/orchestrator == "k8s" && app == "client") && projectcalico.org/namespace == "article3-cni-check")
[pod/calico-node-c2jhk/calico-node] 2026-07-12 14:56:28.789 [INFO][92] felix/label_inheritance_index.go 193: Deleting selector Policy(Name=deny-client-egress, Namespace=article3-cni-check, Kind=KubernetesNetworkPolicy)
[pod/calico-node-c2jhk/calico-node] 2026-07-12 14:56:29.414 [INFO][92] felix/int_dataplane.go 2514: Received *proto.NamespaceUpdate update from calculation graph. msg=id:{name:"article3-cni-check"}  labels:{key:"kubernetes.io/metadata.name"  value:"article3-cni-check"}  labels:{key:"projectcalico.org/name"  value:"article3-cni-check"}
[pod/calico-node-c2jhk/calico-node] 2026-07-12 14:56:34.602 [INFO][92] felix/int_dataplane.go 2514: Received *proto.NamespaceUpdate update from calculation graph. msg=id:{name:"article3-cni-check"}  labels:{key:"kubernetes.io/metadata.name"  value:"article3-cni-check"}  labels:{key:"projectcalico.org/name"  value:"article3-cni-check"}
